Spielzeit;DrehRichtung;Zahl;Geschwindigkeit;gr. Serie;kl. Serie;Orphelins;Im-/Pair;Kolonne;Manque / Passe
26.02.18 19:01;L;21;18;WAHR;FALSCH;FALSCH;1;3;2
26.02.18 19:02;R;27;18;FALSCH;WAHR;FALSCH;1;3;2
26.02.18 19:03;L;27;19;FALSCH;WAHR;FALSCH;1;3;2
26.02.18 19:06;R;31;17;FALSCH;FALSCH;WAHR;1;1;2
26.02.18 19:07;L;34;18;FALSCH;FALSCH;WAHR;2;1;2
26.02.18 19:09;R;7;17;WAHR;FALSCH;FALSCH;1;1;1
26.02.18 19:10;L;30;17;FALSCH;WAHR;FALSCH;2;3;2
26.02.18 19:12;R;33;17;FALSCH;WAHR;FALSCH;1;3;2
26.02.18 19:14;L;23;19;FALSCH;WAHR;FALSCH;1;2;2
26.02.18 19:15;R;21;18;WAHR;FALSCH;FALSCH;1;3;2
26.02.18 19:17;L;31;16;FALSCH;FALSCH;WAHR;1;1;2
26.02.18 19:18;R;30;16;FALSCH;WAHR;FALSCH;2;3;2
26.02.18 19:20;L;26;14;WAHR;FALSCH;FALSCH;2;2;2
26.02.18 19:22;R;35;16;WAHR;FALSCH;FALSCH;1;2;2
26.02.18 19:23;L;0;18;WAHR;FALSCH;FALSCH;0;0;0
26.02.18 19:24;R;1;17;FALSCH;FALSCH;WAHR;1;1;1
26.02.18 19:25;L;7;18;WAHR;FALSCH;FALSCH;1;1;1
26.02.18 19:26;R;11;16;FALSCH;WAHR;FALSCH;1;2;1
26.02.18 19:28;L;4;16;WAHR;FALSCH;FALSCH;2;1;1
26.02.18 19:29;R;24;17;FALSCH;WAHR;FALSCH;2;3;2
26.02.18 19:30;L;27;17;FALSCH;WAHR;FALSCH;1;3;2
26.02.18 19:32;R;2;18;WAHR;FALSCH;FALSCH;2;2;1
26.02.18 19:34;L;26;17;WAHR;FALSCH;FALSCH;2;2;2
26.02.18 19:35;R;22;17;WAHR;FALSCH;FALSCH;2;1;2
26.02.18 19:37;L;2;17;WAHR;FALSCH;FALSCH;2;2;1
26.02.18 19:38;R;33;16;FALSCH;WAHR;FALSCH;1;3;2
26.02.18 19:39;L;7;17;WAHR;FALSCH;FALSCH;1;1;1
26.02.18 19:40;R;34;17;FALSCH;FALSCH;WAHR;2;1;2
26.02.18 19:41;L;24;16;FALSCH;WAHR;FALSCH;2;3;2
26.02.18 19:43;R;1;16;FALSCH;FALSCH;WAHR;1;1;1
26.02.18 19:44;L;21;16;WAHR;FALSCH;FALSCH;1;3;2
26.02.18 19:45;R;3;16;WAHR;FALSCH;FALSCH;1;3;1
26.02.18 19:47;L;26;18;WAHR;FALSCH;FALSCH;2;2;2
26.02.18 19:48;R;29;18;WAHR;FALSCH;FALSCH;1;2;2
26.02.18 19:50;L;27;17;FALSCH;WAHR;FALSCH;1;3;2
26.02.18 19:51;R;30;17;FALSCH;WAHR;FALSCH;2;3;2
26.02.18 19:53;L;20;18;FALSCH;FALSCH;WAHR;2;2;2
26.02.18 19:54;R;34;17;FALSCH;FALSCH;WAHR;2;1;2
26.02.18 19:56;L;13;18;FALSCH;WAHR;FALSCH;1;1;1
26.02.18 19:57;R;20;16;FALSCH;FALSCH;WAHR;2;2;2
26.02.18 19:59;L;0;19;WAHR;FALSCH;FALSCH;0;0;0
26.02.18 20:01;R;26;16;WAHR;FALSCH;FALSCH;2;2;2
26.02.18 20:02;L;1;16;FALSCH;FALSCH;WAHR;1;1;1
26.02.18 20:03;R;20;15;FALSCH;FALSCH;WAHR;2;2;2
26.02.18 20:04;L;21;15;WAHR;FALSCH;FALSCH;1;3;2
26.02.18 20:05;R;34;15;FALSCH;FALSCH;WAHR;2;1;2
26.02.18 20:06;L;9;15;FALSCH;FALSCH;WAHR;1;3;1
26.02.18 20:07;R;33;15;FALSCH;WAHR;FALSCH;1;3;2
26.02.18 20:09;L;23;16;FALSCH;WAHR;FALSCH;1;2;2
26.02.18 20:10;R;11;17;FALSCH;WAHR;FALSCH;1;2;1
26.02.18 20:11;L;23;16;FALSCH;WAHR;FALSCH;1;2;2
26.02.18 20:12;R;7;16;WAHR;FALSCH;FALSCH;1;1;1
26.02.18 20:13;L;23;17;FALSCH;WAHR;FALSCH;1;2;2
26.02.18 20:14;R;27;16;FALSCH;WAHR;FALSCH;1;3;2
26.02.18 20:15;L;24;16;FALSCH;WAHR;FALSCH;2;3;2
26.02.18 20:16;R;16;15;FALSCH;WAHR;FALSCH;2;1;1
26.02.18 20:17;L;21;16;WAHR;FALSCH;FALSCH;1;3;2
26.02.18 20:18;R;31;15;FALSCH;FALSCH;WAHR;1;1;2
26.02.18 20:19;L;20;16;FALSCH;FALSCH;WAHR;2;2;2
26.02.18 20:20;R;23;16;FALSCH;WAHR;FALSCH;1;2;2
26.02.18 20:21;L;34;16;FALSCH;FALSCH;WAHR;2;1;2
26.02.18 20:22;R;32;14;WAHR;FALSCH;FALSCH;2;2;2
26.02.18 20:23;L;10;16;FALSCH;WAHR;FALSCH;2;1;1
26.02.18 20:24;R;16;14;FALSCH;WAHR;FALSCH;2;1;1
26.02.18 20:25;L;27;16;FALSCH;WAHR;FALSCH;1;3;2
26.02.18 20:26;R;9;14;FALSCH;FALSCH;WAHR;1;3;1
26.02.18 20:28;L;7;15;WAHR;FALSCH;FALSCH;1;1;1
26.02.18 20:29;R;28;16;WAHR;FALSCH;FALSCH;2;1;2
26.02.18 20:30;L;14;16;FALSCH;FALSCH;WAHR;2;2;1
26.02.18 20:31;R;24;16;FALSCH;WAHR;FALSCH;2;3;2
26.02.18 20:32;L;34;17;FALSCH;FALSCH;WAHR;2;1;2
26.02.18 20:33;R;10;17;FALSCH;WAHR;FALSCH;2;1;1
26.02.18 20:35;L;9;18;FALSCH;FALSCH;WAHR;1;3;1
26.02.18 20:37;R;31;18;FALSCH;FALSCH;WAHR;1;1;2
26.02.18 20:38;L;3;18;WAHR;FALSCH;FALSCH;1;3;1
26.02.18 20:40;R;28;18;WAHR;FALSCH;FALSCH;2;1;2
26.02.18 20:41;L;35;21;WAHR;FALSCH;FALSCH;1;2;2
26.02.18 20:43;R;15;17;WAHR;FALSCH;FALSCH;1;3;1
26.02.18 20:44;L;13;17;FALSCH;WAHR;FALSCH;1;1;1
26.02.18 20:47;R;13;18;FALSCH;WAHR;FALSCH;1;1;1
26.02.18 20:49;L;19;19;WAHR;FALSCH;FALSCH;1;1;2
26.02.18 20:50;L;19;16;WAHR;FALSCH;FALSCH;1;1;2
26.02.18 20:51;R;36;17;FALSCH;WAHR;FALSCH;2;3;2
26.02.18 20:52;L;36;17;FALSCH;WAHR;FALSCH;2;3;2
26.02.18 20:53;R;13;18;FALSCH;WAHR;FALSCH;1;1;1
26.02.18 20:55;L;36;19;FALSCH;WAHR;FALSCH;2;3;2
26.02.18 20:56;R;8;19;FALSCH;WAHR;FALSCH;2;2;1
26.02.18 20:59;L;20;17;FALSCH;FALSCH;WAHR;2;2;2
26.02.18 21:00;R;31;17;FALSCH;FALSCH;WAHR;1;1;2
26.02.18 21:02;L;17;15;FALSCH;FALSCH;WAHR;1;2;1
26.02.18 21:03;R;19;16;WAHR;FALSCH;FALSCH;1;1;2
26.02.18 21:04;L;16;17;FALSCH;WAHR;FALSCH;2;1;1
26.02.18 21:05;R;27;16;FALSCH;WAHR;FALSCH;1;3;2
26.02.18 21:06;L;16;16;FALSCH;WAHR;FALSCH;2;1;1
26.02.18 21:07;R;4;15;WAHR;FALSCH;FALSCH;2;1;1
26.02.18 21:08;L;24;16;FALSCH;WAHR;FALSCH;2;3;2
26.02.18 21:09;R;25;15;WAHR;FALSCH;FALSCH;1;1;2
26.02.18 21:10;L;30;15;FALSCH;WAHR;FALSCH;2;3;2
26.02.18 21:11;R;34;16;FALSCH;FALSCH;WAHR;2;1;2
26.02.18 21:12;L;28;15;WAHR;FALSCH;FALSCH;2;1;2
26.02.18 21:13;R;30;17;FALSCH;WAHR;FALSCH;2;3;2
26.02.18 21:15;L;23;16;FALSCH;WAHR;FALSCH;1;2;2
26.02.18 21:17;R;12;17;WAHR;FALSCH;FALSCH;2;3;1
26.02.18 21:18;L;6;18;FALSCH;FALSCH;WAHR;2;3;1
26.02.18 21:20;R;19;18;WAHR;FALSCH;FALSCH;1;1;2
26.02.18 21:21;L;34;19;FALSCH;FALSCH;WAHR;2;1;2
26.02.18 21:22;R;35;18;WAHR;FALSCH;FALSCH;1;2;2
26.02.18 21:23;L;14;18;FALSCH;FALSCH;WAHR;2;2;1
26.02.18 21:25;R;34;16;FALSCH;FALSCH;WAHR;2;1;2
26.02.18 21:26;L;28;19;WAHR;FALSCH;FALSCH;2;1;2
26.02.18 21:27;R;10;18;FALSCH;WAHR;FALSCH;2;1;1
26.02.18 21:29;L;8;17;FALSCH;WAHR;FALSCH;2;2;1
26.02.18 21:30;R;26;18;WAHR;FALSCH;FALSCH;2;2;2
26.02.18 21:31;L;24;18;FALSCH;WAHR;FALSCH;2;3;2
26.02.18 21:32;R;0;18;WAHR;FALSCH;FALSCH;0;0;0
26.02.18 21:33;L;1;19;FALSCH;FALSCH;WAHR;1;1;1
26.02.18 21:35;R;16;17;FALSCH;WAHR;FALSCH;2;1;1
26.02.18 21:36;L;9;16;FALSCH;FALSCH;WAHR;1;3;1
26.02.18 21:37;R;0;17;WAHR;FALSCH;FALSCH;0;0;0
26.02.18 21:38;L;34;18;FALSCH;FALSCH;WAHR;2;1;2
26.02.18 21:40;R;12;18;WAHR;FALSCH;FALSCH;2;3;1
26.02.18 21:41;L;10;18;FALSCH;WAHR;FALSCH;2;1;1
26.02.18 21:42;R;22;17;WAHR;FALSCH;FALSCH;2;1;2
26.02.18 21:43;L;5;17;FALSCH;WAHR;FALSCH;1;2;1
26.02.18 21:45;R;18;17;WAHR;FALSCH;FALSCH;2;3;1
26.02.18 21:46;L;17;19;FALSCH;FALSCH;WAHR;1;2;1
26.02.18 21:47;R;0;17;WAHR;FALSCH;FALSCH;0;0;0
26.02.18 21:48;L;21;17;WAHR;FALSCH;FALSCH;1;3;2
26.02.18 21:49;R;28;17;WAHR;FALSCH;FALSCH;2;1;2
26.02.18 21:50;L;35;17;WAHR;FALSCH;FALSCH;1;2;2
26.02.18 21:51;R;31;16;FALSCH;FALSCH;WAHR;1;1;2
26.02.18 21:52;L;9;16;FALSCH;FALSCH;WAHR;1;3;1
26.02.18 21:53;R;6;15;FALSCH;FALSCH;WAHR;2;3;1
26.02.18 21:55;L;22;17;WAHR;FALSCH;FALSCH;2;1;2
26.02.18 21:56;R;30;15;FALSCH;WAHR;FALSCH;2;3;2
26.02.18 21:58;L;17;16;FALSCH;FALSCH;WAHR;1;2;1
26.02.18 21:59;R;18;14;WAHR;FALSCH;FALSCH;2;3;1
26.02.18 22:00;L;22;17;WAHR;FALSCH;FALSCH;2;1;2
26.02.18 22:01;R;11;15;FALSCH;WAHR;FALSCH;1;2;1
26.02.18 22:02;L;30;18;FALSCH;WAHR;FALSCH;2;3;2
26.02.18 22:03;R;12;18;WAHR;FALSCH;FALSCH;2;3;1
26.02.18 22:05;L;19;18;WAHR;FALSCH;FALSCH;1;1;2
26.02.18 22:06;R;13;17;FALSCH;WAHR;FALSCH;1;1;1
26.02.18 22:07;L;7;18;WAHR;FALSCH;FALSCH;1;1;1
26.02.18 22:08;R;29;18;WAHR;FALSCH;FALSCH;1;2;2
26.02.18 22:09;L;1;18;FALSCH;FALSCH;WAHR;1;1;1
26.02.18 22:10;R;30;18;FALSCH;WAHR;FALSCH;2;3;2
26.02.18 22:11;L;10;18;FALSCH;WAHR;FALSCH;2;1;1
26.02.18 22:12;R;2;18;WAHR;FALSCH;FALSCH;2;2;1
26.02.18 22:14;L;30;18;FALSCH;WAHR;FALSCH;2;3;2
26.02.18 22:15;R;1;18;FALSCH;FALSCH;WAHR;1;1;1
26.02.18 22:16;L;0;18;WAHR;FALSCH;FALSCH;0;0;0
26.02.18 22:17;R;5;18;FALSCH;WAHR;FALSCH;1;2;1
26.02.18 22:18;L;16;19;FALSCH;WAHR;FALSCH;2;1;1
26.02.18 22:20;R;20;16;FALSCH;FALSCH;WAHR;2;2;2
26.02.18 22:21;L;5;18;FALSCH;WAHR;FALSCH;1;2;1
26.02.18 22:22;R;16;18;FALSCH;WAHR;FALSCH;2;1;1
26.02.18 22:23;L;1;19;FALSCH;FALSCH;WAHR;1;1;1
26.02.18 22:24;R;29;18;WAHR;FALSCH;FALSCH;1;2;2
26.02.18 22:26;L;15;18;WAHR;FALSCH;FALSCH;1;3;1
26.02.18 22:27;R;29;18;WAHR;FALSCH;FALSCH;1;2;2
26.02.18 22:28;L;30;19;FALSCH;WAHR;FALSCH;2;3;2
26.02.18 22:31;R;2;18;WAHR;FALSCH;FALSCH;2;2;1
26.02.18 22:32;L;25;16;WAHR;FALSCH;FALSCH;1;1;2
26.02.18 22:33;R;25;16;WAHR;FALSCH;FALSCH;1;1;2
26.02.18 22:35;L;36;16;FALSCH;WAHR;FALSCH;2;3;2
26.02.18 22:36;R;25;17;WAHR;FALSCH;FALSCH;1;1;2
26.02.18 22:38;L;29;17;WAHR;FALSCH;FALSCH;1;2;2
26.02.18 22:40;R;20;16;FALSCH;FALSCH;WAHR;2;2;2
26.02.18 22:42;L;34;18;FALSCH;FALSCH;WAHR;2;1;2
26.02.18 22:44;R;26;16;WAHR;FALSCH;FALSCH;2;2;2
26.02.18 22:45;L;3;16;WAHR;FALSCH;FALSCH;1;3;1
26.02.18 22:47;R;19;18;WAHR;FALSCH;FALSCH;1;1;2
26.02.18 22:49;L;11;20;FALSCH;WAHR;FALSCH;1;2;1
26.02.18 22:50;R;4;17;WAHR;FALSCH;FALSCH;2;1;1
26.02.18 22:52;L;13;17;FALSCH;WAHR;FALSCH;1;1;1
26.02.18 22:53;R;5;17;FALSCH;WAHR;FALSCH;1;2;1
26.02.18 22:55;L;5;19;FALSCH;WAHR;FALSCH;1;2;1
26.02.18 22:57;R;23;17;FALSCH;WAHR;FALSCH;1;2;2
26.02.18 22:59;L;26;18;WAHR;FALSCH;FALSCH;2;2;2
26.02.18 23:01;R;29;18;WAHR;FALSCH;FALSCH;1;2;2
26.02.18 23:04;L;8;18;FALSCH;WAHR;FALSCH;2;2;1
26.02.18 23:06;R;3;18;WAHR;FALSCH;FALSCH;1;3;1
26.02.18 23:08;L;18;18;WAHR;FALSCH;FALSCH;2;3;1
26.02.18 23:09;R;16;17;FALSCH;WAHR;FALSCH;2;1;1
26.02.18 23:11;L;17;20;FALSCH;FALSCH;WAHR;1;2;1
26.02.18 23:13;R;35;17;WAHR;FALSCH;FALSCH;1;2;2
26.02.18 23:14;L;24;19;FALSCH;WAHR;FALSCH;2;3;2
26.02.18 23:17;R;9;15;FALSCH;FALSCH;WAHR;1;3;1
26.02.18 23:18;L;22;16;WAHR;FALSCH;FALSCH;2;1;2
26.02.18 23:19;R;15;16;WAHR;FALSCH;FALSCH;1;3;1
26.02.18 23:20;L;8;16;FALSCH;WAHR;FALSCH;2;2;1
26.02.18 23:21;R;10;16;FALSCH;WAHR;FALSCH;2;1;1
26.02.18 23:22;L;28;16;WAHR;FALSCH;FALSCH;2;1;2
26.02.18 23:24;R;2;16;WAHR;FALSCH;FALSCH;2;2;1
26.02.18 23:26;L;30;16;FALSCH;WAHR;FALSCH;2;3;2
26.02.18 23:27;R;10;18;FALSCH;WAHR;FALSCH;2;1;1
26.02.18 23:29;L;2;16;WAHR;FALSCH;FALSCH;2;2;1
26.02.18 23:30;R;16;16;FALSCH;WAHR;FALSCH;2;1;1
26.02.18 23:32;L;0;16;WAHR;FALSCH;FALSCH;0;0;0
26.02.18 23:33;R;0;18;WAHR;FALSCH;FALSCH;0;0;0
26.02.18 23:35;L;27;20;FALSCH;WAHR;FALSCH;1;3;2
26.02.18 23:36;R;22;17;WAHR;FALSCH;FALSCH;2;1;2
26.02.18 23:37;L;31;18;FALSCH;FALSCH;WAHR;1;1;2
26.02.18 23:39;R;21;18;WAHR;FALSCH;FALSCH;1;3;2
26.02.18 23:40;L;26;18;WAHR;FALSCH;FALSCH;2;2;2
26.02.18 23:41;R;5;17;FALSCH;WAHR;FALSCH;1;2;1
26.02.18 23:43;L;4;19;WAHR;FALSCH;FALSCH;2;1;1
26.02.18 23:44;R;2;19;WAHR;FALSCH;FALSCH;2;2;1
26.02.18 23:46;L;11;20;FALSCH;WAHR;FALSCH;1;2;1
26.02.18 23:47;R;7;17;WAHR;FALSCH;FALSCH;1;1;1
26.02.18 23:49;L;5;17;FALSCH;WAHR;FALSCH;1;2;1
26.02.18 23:50;R;14;15;FALSCH;FALSCH;WAHR;2;2;1
26.02.18 23:51;L;32;16;WAHR;FALSCH;FALSCH;2;2;2
26.02.18 23:53;R;4;16;WAHR;FALSCH;FALSCH;2;1;1
26.02.18 23:54;L;32;17;WAHR;FALSCH;FALSCH;2;2;2
26.02.18 23:56;R;29;15;WAHR;FALSCH;FALSCH;1;2;2
26.02.18 23:57;L;1;17;FALSCH;FALSCH;WAHR;1;1;1
26.02.18 23:58;R;31;16;FALSCH;FALSCH;WAHR;1;1;2
27.02.18 00:00;L;0;16;WAHR;FALSCH;FALSCH;0;0;0
27.02.18 00:02;R;11;14;FALSCH;WAHR;FALSCH;1;2;1
27.02.18 00:03;L;35;16;WAHR;FALSCH;FALSCH;1;2;2
27.02.18 00:04;R;9;16;FALSCH;FALSCH;WAHR;1;3;1
27.02.18 00:05;L;31;16;FALSCH;FALSCH;WAHR;1;1;2
27.02.18 00:06;R;20;15;FALSCH;FALSCH;WAHR;2;2;2
27.02.18 00:07;L;20;16;FALSCH;FALSCH;WAHR;2;2;2
27.02.18 00:08;R;19;16;WAHR;FALSCH;FALSCH;1;1;2
27.02.18 00:09;L;5;17;FALSCH;WAHR;FALSCH;1;2;1
27.02.18 00:10;R;27;16;FALSCH;WAHR;FALSCH;1;3;2
27.02.18 00:11;L;21;17;WAHR;FALSCH;FALSCH;1;3;2
27.02.18 00:13;R;31;16;FALSCH;FALSCH;WAHR;1;1;2
27.02.18 00:14;L;9;15;FALSCH;FALSCH;WAHR;1;3;1
27.02.18 00:15;R;23;14;FALSCH;WAHR;FALSCH;1;2;2
27.02.18 00:16;L;3;16;WAHR;FALSCH;FALSCH;1;3;1
27.02.18 00:17;R;0;17;WAHR;FALSCH;FALSCH;0;0;0
27.02.18 00:19;L;16;19;FALSCH;WAHR;FALSCH;2;1;1
27.02.18 00:20;R;10;18;FALSCH;WAHR;FALSCH;2;1;1
27.02.18 00:21;L;17;19;FALSCH;FALSCH;WAHR;1;2;1
27.02.18 00:22;R;36;17;FALSCH;WAHR;FALSCH;2;3;2
27.02.18 00:24;L;0;18;WAHR;FALSCH;FALSCH;0;0;0
27.02.18 00:25;R;6;18;FALSCH;FALSCH;WAHR;2;3;1
27.02.18 00:26;L;19;18;WAHR;FALSCH;FALSCH;1;1;2
27.02.18 00:28;R;11;18;FALSCH;WAHR;FALSCH;1;2;1
27.02.18 00:29;L;26;17;WAHR;FALSCH;FALSCH;2;2;2
27.02.18 00:30;R;33;17;FALSCH;WAHR;FALSCH;1;3;2
27.02.18 00:32;L;10;17;FALSCH;WAHR;FALSCH;2;1;1
27.02.18 00:33;R;17;15;FALSCH;FALSCH;WAHR;1;2;1
27.02.18 00:36;L;27;16;FALSCH;WAHR;FALSCH;1;3;2
27.02.18 00:38;R;12;16;WAHR;FALSCH;FALSCH;2;3;1
27.02.18 00:39;L;31;17;FALSCH;FALSCH;WAHR;1;1;2
27.02.18 00:41;R;33;15;FALSCH;WAHR;FALSCH;1;3;2
27.02.18 00:42;L;35;17;WAHR;FALSCH;FALSCH;1;2;2
27.02.18 00:43;R;0;16;WAHR;FALSCH;FALSCH;0;0;0
27.02.18 00:45;L;32;17;WAHR;FALSCH;FALSCH;2;2;2
27.02.18 00:46;R;31;14;FALSCH;FALSCH;WAHR;1;1;2
27.02.18 00:47;L;10;16;FALSCH;WAHR;FALSCH;2;1;1
27.02.18 00:48;R;2;16;WAHR;FALSCH;FALSCH;2;2;1
27.02.18 00:49;L;34;16;FALSCH;FALSCH;WAHR;2;1;2
27.02.18 00:51;R;5;17;FALSCH;WAHR;FALSCH;1;2;1
27.02.18 00:52;L;31;16;FALSCH;FALSCH;WAHR;1;1;2
27.02.18 00:53;R;34;17;FALSCH;FALSCH;WAHR;2;1;2
27.02.18 00:54;L;28;15;WAHR;FALSCH;FALSCH;2;1;2
27.02.18 00:55;R;34;15;FALSCH;FALSCH;WAHR;2;1;2
27.02.18 00:56;L;26;16;WAHR;FALSCH;FALSCH;2;2;2
27.02.18 00:57;R;35;16;WAHR;FALSCH;FALSCH;1;2;2
27.02.18 00:58;L;24;16;FALSCH;WAHR;FALSCH;2;3;2
27.02.18 00:59;R;32;16;WAHR;FALSCH;FALSCH;2;2;2
27.02.18 01:00;L;10;17;FALSCH;WAHR;FALSCH;2;1;1
27.02.18 01:01;R;6;18;FALSCH;FALSCH;WAHR;2;3;1
27.02.18 01:03;L;19;19;WAHR;FALSCH;FALSCH;1;1;2
27.02.18 01:04;R;0;19;WAHR;FALSCH;FALSCH;0;0;0
27.02.18 01:06;L;33;19;FALSCH;WAHR;FALSCH;1;3;2
27.02.18 01:07;R;33;16;FALSCH;WAHR;FALSCH;1;3;2
27.02.18 01:08;L;36;19;FALSCH;WAHR;FALSCH;2;3;2
27.02.18 01:10;R;17;17;FALSCH;FALSCH;WAHR;1;2;1
27.02.18 01:11;L;3;18;WAHR;FALSCH;FALSCH;1;3;1
27.02.18 01:13;R;10;18;FALSCH;WAHR;FALSCH;2;1;1
27.02.18 01:14;L;29;18;WAHR;FALSCH;FALSCH;1;2;2
27.02.18 01:16;R;17;18;FALSCH;FALSCH;WAHR;1;2;1
27.02.18 01:17;L;25;18;WAHR;FALSCH;FALSCH;1;1;2
27.02.18 01:19;R;3;18;WAHR;FALSCH;FALSCH;1;3;1
27.02.18 01:21;L;12;19;WAHR;FALSCH;FALSCH;2;3;1
27.02.18 01:22;R;3;17;WAHR;FALSCH;FALSCH;1;3;1
27.02.18 01:24;L;16;17;FALSCH;WAHR;FALSCH;2;1;1
27.02.18 01:25;R;32;17;WAHR;FALSCH;FALSCH;2;2;2
27.02.18 01:27;L;10;18;FALSCH;WAHR;FALSCH;2;1;1
27.02.18 01:29;R;16;17;FALSCH;WAHR;FALSCH;2;1;1
27.02.18 01:30;L;3;18;WAHR;FALSCH;FALSCH;1;3;1
27.02.18 01:32;R;24;16;FALSCH;WAHR;FALSCH;2;3;2
27.02.18 01:33;L;21;17;WAHR;FALSCH;FALSCH;1;3;2
27.02.18 01:34;R;12;16;WAHR;FALSCH;FALSCH;2;3;1
27.02.18 01:35;L;32;16;WAHR;FALSCH;FALSCH;2;2;2
27.02.18 01:37;R;22;14;WAHR;FALSCH;FALSCH;2;1;2
27.02.18 01:38;L;13;16;FALSCH;WAHR;FALSCH;1;1;1
27.02.18 01:39;R;33;16;FALSCH;WAHR;FALSCH;1;3;2
27.02.18 01:41;L;29;17;WAHR;FALSCH;FALSCH;1;2;2
27.02.18 01:42;R;13;15;FALSCH;WAHR;FALSCH;1;1;1
27.02.18 01:44;L;1;16;FALSCH;FALSCH;WAHR;1;1;1
27.02.18 01:45;R;2;16;WAHR;FALSCH;FALSCH;2;2;1
27.02.18 01:46;L;36;18;FALSCH;WAHR;FALSCH;2;3;2
27.02.18 01:48;R;5;17;FALSCH;WAHR;FALSCH;1;2;1
27.02.18 01:49;L;24;18;FALSCH;WAHR;FALSCH;2;3;2
27.02.18 01:50;R;33;17;FALSCH;WAHR;FALSCH;1;3;2
27.02.18 01:52;L;9;17;FALSCH;FALSCH;WAHR;1;3;1
27.02.18 01:54;R;9;18;FALSCH;FALSCH;WAHR;1;3;1
27.02.18 01:55;L;17;18;FALSCH;FALSCH;WAHR;1;2;1
27.02.18 01:56;R;12;17;WAHR;FALSCH;FALSCH;2;3;1
27.02.18 01:58;L;33;17;FALSCH;WAHR;FALSCH;1;3;2
27.02.18 01:59;R;35;16;WAHR;FALSCH;FALSCH;1;2;2
27.02.18 02:00;L;19;18;WAHR;FALSCH;FALSCH;1;1;2
27.02.18 02:02;R;11;17;FALSCH;WAHR;FALSCH;1;2;1
27.02.18 02:03;L;12;17;WAHR;FALSCH;FALSCH;2;3;1
27.02.18 02:05;R;8;16;FALSCH;WAHR;FALSCH;2;2;1
27.02.18 02:06;L;21;16;WAHR;FALSCH;FALSCH;1;3;2
27.02.18 02:07;R;16;16;FALSCH;WAHR;FALSCH;2;1;1
27.02.18 02:09;L;19;16;WAHR;FALSCH;FALSCH;1;1;2
27.02.18 02:10;R;35;16;WAHR;FALSCH;FALSCH;1;2;2
27.02.18 02:11;L;16;16;FALSCH;WAHR;FALSCH;2;1;1
27.02.18 02:13;R;11;16;FALSCH;WAHR;FALSCH;1;2;1
27.02.18 02:14;L;0;17;WAHR;FALSCH;FALSCH;0;0;0
27.02.18 02:16;R;27;16;FALSCH;WAHR;FALSCH;1;3;2
27.02.18 02:17;L;11;17;FALSCH;WAHR;FALSCH;1;2;1
27.02.18 02:18;R;31;16;FALSCH;FALSCH;WAHR;1;1;2
27.02.18 02:20;L;9;17;FALSCH;FALSCH;WAHR;1;3;1
27.02.18 02:21;R;20;14;FALSCH;FALSCH;WAHR;2;2;2
27.02.18 02:23;L;10;17;FALSCH;WAHR;FALSCH;2;1;1
27.02.18 02:24;R;34;16;FALSCH;FALSCH;WAHR;2;1;2
27.02.18 02:25;L;29;16;WAHR;FALSCH;FALSCH;1;2;2
27.02.18 02:27;R;36;16;FALSCH;WAHR;FALSCH;2;3;2
27.02.18 19:00;L;26;16;WAHR;FALSCH;FALSCH;2;2;2
27.02.18 19:01;R;14;16;FALSCH;FALSCH;WAHR;2;2;1
27.02.18 19:02;L;15;16;WAHR;FALSCH;FALSCH;1;3;1
27.02.18 19:04;R;4;17;WAHR;FALSCH;FALSCH;2;1;1
27.02.18 19:05;L;22;17;WAHR;FALSCH;FALSCH;2;1;2
27.02.18 19:07;R;16;15;FALSCH;WAHR;FALSCH;2;1;1
27.02.18 19:08;L;27;17;FALSCH;WAHR;FALSCH;1;3;2
27.02.18 19:10;R;26;16;WAHR;FALSCH;FALSCH;2;2;2
27.02.18 19:11;L;15;17;WAHR;FALSCH;FALSCH;1;3;1
27.02.18 19:13;R;19;16;WAHR;FALSCH;FALSCH;1;1;2
27.02.18 19:14;L;13;18;FALSCH;WAHR;FALSCH;1;1;1
27.02.18 19:17;R;2;15;WAHR;FALSCH;FALSCH;2;2;1
27.02.18 19:19;L;9;16;FALSCH;FALSCH;WAHR;1;3;1
27.02.18 19:21;R;1;17;FALSCH;FALSCH;WAHR;1;1;1
27.02.18 19:24;L;10;17;FALSCH;WAHR;FALSCH;2;1;1
27.02.18 19:26;R;18;18;WAHR;FALSCH;FALSCH;2;3;1
27.02.18 19:28;L;27;18;FALSCH;WAHR;FALSCH;1;3;2
27.02.18 19:30;R;3;17;WAHR;FALSCH;FALSCH;1;3;1
27.02.18 19:32;L;15;17;WAHR;FALSCH;FALSCH;1;3;1
27.02.18 19:34;R;32;16;WAHR;FALSCH;FALSCH;2;2;2
27.02.18 19:37;L;21;18;WAHR;FALSCH;FALSCH;1;3;2
27.02.18 19:40;R;19;16;WAHR;FALSCH;FALSCH;1;1;2
27.02.18 19:42;L;11;17;FALSCH;WAHR;FALSCH;1;2;1
27.02.18 19:45;R;24;18;FALSCH;WAHR;FALSCH;2;3;2
27.02.18 19:47;L;11;18;FALSCH;WAHR;FALSCH;1;2;1
27.02.18 19:50;R;10;17;FALSCH;WAHR;FALSCH;2;1;1
27.02.18 19:52;L;27;16;FALSCH;WAHR;FALSCH;1;3;2
27.02.18 19:55;R;6;16;FALSCH;FALSCH;WAHR;2;3;1
27.02.18 19:57;L;20;15;FALSCH;FALSCH;WAHR;2;2;2
27.02.18 19:59;R;5;16;FALSCH;WAHR;FALSCH;1;2;1
27.02.18 20:02;L;10;16;FALSCH;WAHR;FALSCH;2;1;1
27.02.18 20:06;R;17;15;FALSCH;FALSCH;WAHR;1;2;1
27.02.18 20:09;L;32;16;WAHR;FALSCH;FALSCH;2;2;2
27.02.18 20:15;R;16;17;FALSCH;WAHR;FALSCH;2;1;1
27.02.18 20:21;L;29;17;WAHR;FALSCH;FALSCH;1;2;2
27.02.18 20:23;R;17;16;FALSCH;FALSCH;WAHR;1;2;1
27.02.18 20:24;L;13;17;FALSCH;WAHR;FALSCH;1;1;1
27.02.18 20:26;R;21;16;WAHR;FALSCH;FALSCH;1;3;2
27.02.18 20:28;L;14;17;FALSCH;FALSCH;WAHR;2;2;1
27.02.18 20:31;R;36;17;FALSCH;WAHR;FALSCH;2;3;2
27.02.18 20:34;L;26;17;WAHR;FALSCH;FALSCH;2;2;2
27.02.18 20:36;R;17;15;FALSCH;FALSCH;WAHR;1;2;1
27.02.18 20:38;L;31;15;FALSCH;FALSCH;WAHR;1;1;2
27.02.18 20:41;R;30;15;FALSCH;WAHR;FALSCH;2;3;2
27.02.18 20:42;L;6;15;FALSCH;FALSCH;WAHR;2;3;1
27.02.18 20:43;R;10;15;FALSCH;WAHR;FALSCH;2;1;1
27.02.18 20:45;L;35;16;WAHR;FALSCH;FALSCH;1;2;2
27.02.18 20:46;R;34;18;FALSCH;FALSCH;WAHR;2;1;2
27.02.18 20:47;L;16;18;FALSCH;WAHR;FALSCH;2;1;1
27.02.18 20:49;R;3;17;WAHR;FALSCH;FALSCH;1;3;1
27.02.18 20:50;L;35;19;WAHR;FALSCH;FALSCH;1;2;2
27.02.18 20:52;R;24;17;FALSCH;WAHR;FALSCH;2;3;2
27.02.18 20:54;L;34;17;FALSCH;FALSCH;WAHR;2;1;2
27.02.18 20:57;R;3;18;WAHR;FALSCH;FALSCH;1;3;1
27.02.18 21:00;L;27;19;FALSCH;WAHR;FALSCH;1;3;2
27.02.18 21:02;R;20;18;FALSCH;FALSCH;WAHR;2;2;2
27.02.18 21:04;L;6;19;FALSCH;FALSCH;WAHR;2;3;1
27.02.18 21:07;R;8;18;FALSCH;WAHR;FALSCH;2;2;1
27.02.18 21:09;L;27;20;FALSCH;WAHR;FALSCH;1;3;2
27.02.18 21:11;R;21;18;WAHR;FALSCH;FALSCH;1;3;2
27.02.18 21:14;L;25;19;WAHR;FALSCH;FALSCH;1;1;2
27.02.18 21:17;R;17;18;FALSCH;FALSCH;WAHR;1;2;1
27.02.18 21:18;L;8;20;FALSCH;WAHR;FALSCH;2;2;1
27.02.18 21:20;R;33;19;FALSCH;WAHR;FALSCH;1;3;2
27.02.18 21:21;L;3;18;WAHR;FALSCH;FALSCH;1;3;1
27.02.18 21:22;R;25;18;WAHR;FALSCH;FALSCH;1;1;2
27.02.18 21:24;L;36;18;FALSCH;WAHR;FALSCH;2;3;2
27.02.18 21:25;R;6;18;FALSCH;FALSCH;WAHR;2;3;1
27.02.18 21:26;L;30;18;FALSCH;WAHR;FALSCH;2;3;2
27.02.18 21:27;R;34;18;FALSCH;FALSCH;WAHR;2;1;2
27.02.18 21:29;L;19;18;WAHR;FALSCH;FALSCH;1;1;2
27.02.18 21:30;R;20;17;FALSCH;FALSCH;WAHR;2;2;2
27.02.18 21:32;L;29;15;WAHR;FALSCH;FALSCH;1;2;2
27.02.18 21:33;R;30;17;FALSCH;WAHR;FALSCH;2;3;2
27.02.18 21:35;L;27;18;FALSCH;WAHR;FALSCH;1;3;2
27.02.18 21:37;R;32;16;WAHR;FALSCH;FALSCH;2;2;2
27.02.18 21:38;L;6;17;FALSCH;FALSCH;WAHR;2;3;1
27.02.18 21:40;R;2;16;WAHR;FALSCH;FALSCH;2;2;1
27.02.18 21:41;L;23;16;FALSCH;WAHR;FALSCH;1;2;2
27.02.18 21:43;R;22;17;WAHR;FALSCH;FALSCH;2;1;2
27.02.18 21:44;L;12;16;WAHR;FALSCH;FALSCH;2;3;1
27.02.18 21:45;R;19;15;WAHR;FALSCH;FALSCH;1;1;2
27.02.18 21:47;L;3;16;WAHR;FALSCH;FALSCH;1;3;1
27.02.18 21:49;R;23;16;FALSCH;WAHR;FALSCH;1;2;2
27.02.18 21:51;L;28;16;WAHR;FALSCH;FALSCH;2;1;2
27.02.18 21:54;R;30;16;FALSCH;WAHR;FALSCH;2;3;2
27.02.18 21:57;L;18;16;WAHR;FALSCH;FALSCH;2;3;1
27.02.18 21:59;R;20;16;FALSCH;FALSCH;WAHR;2;2;2
27.02.18 22:02;L;0;16;WAHR;FALSCH;FALSCH;0;0;0
27.02.18 22:04;R;11;15;FALSCH;WAHR;FALSCH;1;2;1
27.02.18 22:06;L;24;16;FALSCH;WAHR;FALSCH;2;3;2
27.02.18 22:08;R;25;15;WAHR;FALSCH;FALSCH;1;1;2
27.02.18 22:10;L;6;17;FALSCH;FALSCH;WAHR;2;3;1
27.02.18 22:13;R;7;16;WAHR;FALSCH;FALSCH;1;1;1
27.02.18 22:16;L;25;16;WAHR;FALSCH;FALSCH;1;1;2
27.02.18 22:18;R;0;17;WAHR;FALSCH;FALSCH;0;0;0
27.02.18 22:19;L;31;17;FALSCH;FALSCH;WAHR;1;1;2
27.02.18 22:21;R;0;18;WAHR;FALSCH;FALSCH;0;0;0
27.02.18 22:22;L;23;16;FALSCH;WAHR;FALSCH;1;2;2
27.02.18 22:23;R;1;16;FALSCH;FALSCH;WAHR;1;1;1
27.02.18 22:24;L;6;17;FALSCH;FALSCH;WAHR;2;3;1
27.02.18 22:26;R;24;16;FALSCH;WAHR;FALSCH;2;3;2
27.02.18 22:27;L;1;18;FALSCH;FALSCH;WAHR;1;1;1
27.02.18 22:28;R;8;17;FALSCH;WAHR;FALSCH;2;2;1
27.02.18 22:30;L;2;18;WAHR;FALSCH;FALSCH;2;2;1
27.02.18 22:32;R;4;18;WAHR;FALSCH;FALSCH;2;1;1
27.02.18 22:34;L;22;18;WAHR;FALSCH;FALSCH;2;1;2
27.02.18 22:36;R;2;16;WAHR;FALSCH;FALSCH;2;2;1
27.02.18 22:38;L;29;17;WAHR;FALSCH;FALSCH;1;2;2
27.02.18 22:40;R;3;16;WAHR;FALSCH;FALSCH;1;3;1
27.02.18 22:42;L;27;17;FALSCH;WAHR;FALSCH;1;3;2
27.02.18 22:44;R;32;18;WAHR;FALSCH;FALSCH;2;2;2
27.02.18 22:45;L;12;18;WAHR;FALSCH;FALSCH;2;3;1
27.02.18 22:47;R;9;18;FALSCH;FALSCH;WAHR;1;3;1
27.02.18 22:49;L;30;18;FALSCH;WAHR;FALSCH;2;3;2
27.02.18 22:51;R;20;18;FALSCH;FALSCH;WAHR;2;2;2
27.02.18 22:53;L;4;18;WAHR;FALSCH;FALSCH;2;1;1
27.02.18 22:55;R;23;17;FALSCH;WAHR;FALSCH;1;2;2
27.02.18 22:58;L;25;17;WAHR;FALSCH;FALSCH;1;1;2
27.02.18 23:00;R;19;17;WAHR;FALSCH;FALSCH;1;1;2
27.02.18 23:03;L;13;17;FALSCH;WAHR;FALSCH;1;1;1
27.02.18 23:05;R;14;16;FALSCH;FALSCH;WAHR;2;2;1
27.02.18 23:10;L;31;16;FALSCH;FALSCH;WAHR;1;1;2
27.02.18 23:12;R;34;14;FALSCH;FALSCH;WAHR;2;1;2
27.02.18 23:14;L;20;16;FALSCH;FALSCH;WAHR;2;2;2
27.02.18 23:18;R;26;15;WAHR;FALSCH;FALSCH;2;2;2
27.02.18 23:21;L;18;15;WAHR;FALSCH;FALSCH;2;3;1
27.02.18 23:23;R;5;14;FALSCH;WAHR;FALSCH;1;2;1
27.02.18 23:25;L;0;15;WAHR;FALSCH;FALSCH;0;0;0
27.02.18 23:29;R;8;16;FALSCH;WAHR;FALSCH;2;2;1
27.02.18 23:32;L;4;16;WAHR;FALSCH;FALSCH;2;1;1
27.02.18 23:36;R;7;15;WAHR;FALSCH;FALSCH;1;1;1
27.02.18 23:40;L;0;16;WAHR;FALSCH;FALSCH;0;0;0
27.02.18 23:43;R;36;14;FALSCH;WAHR;FALSCH;2;3;2
27.02.18 23:45;L;18;16;WAHR;FALSCH;FALSCH;2;3;1
27.02.18 23:47;R;27;17;FALSCH;WAHR;FALSCH;1;3;2
27.02.18 23:49;L;18;18;WAHR;FALSCH;FALSCH;2;3;1
27.02.18 23:51;R;35;18;WAHR;FALSCH;FALSCH;1;2;2
27.02.18 23:53;L;14;19;FALSCH;FALSCH;WAHR;2;2;1
27.02.18 23:54;R;26;19;WAHR;FALSCH;FALSCH;2;2;2
27.02.18 23:57;L;26;19;WAHR;FALSCH;FALSCH;2;2;2
27.02.18 23:59;R;0;19;WAHR;FALSCH;FALSCH;0;0;0
28.02.18 00:02;L;3;19;WAHR;FALSCH;FALSCH;1;3;1
28.02.18 00:04;R;20;18;FALSCH;FALSCH;WAHR;2;2;2
28.02.18 00:06;L;3;19;WAHR;FALSCH;FALSCH;1;3;1
28.02.18 00:08;R;11;18;FALSCH;WAHR;FALSCH;1;2;1
28.02.18 00:10;L;27;20;FALSCH;WAHR;FALSCH;1;3;2
28.02.18 00:12;R;5;18;FALSCH;WAHR;FALSCH;1;2;1
28.02.18 00:13;L;4;19;WAHR;FALSCH;FALSCH;2;1;1
28.02.18 00:15;R;9;19;FALSCH;FALSCH;WAHR;1;3;1
28.02.18 00:17;L;20;18;FALSCH;FALSCH;WAHR;2;2;2
28.02.18 00:18;R;33;16;FALSCH;WAHR;FALSCH;1;3;2
28.02.18 00:20;L;18;18;WAHR;FALSCH;FALSCH;2;3;1
28.02.18 00:22;R;23;17;FALSCH;WAHR;FALSCH;1;2;2
28.02.18 00:24;L;31;17;FALSCH;FALSCH;WAHR;1;1;2
28.02.18 00:26;R;35;16;WAHR;FALSCH;FALSCH;1;2;2
28.02.18 00:28;L;3;17;WAHR;FALSCH;FALSCH;1;3;1
28.02.18 00:30;R;25;17;WAHR;FALSCH;FALSCH;1;1;2
28.02.18 00:32;L;3;17;WAHR;FALSCH;FALSCH;1;3;1
28.02.18 00:34;R;27;17;FALSCH;WAHR;FALSCH;1;3;2
28.02.18 00:36;L;32;18;WAHR;FALSCH;FALSCH;2;2;2
28.02.18 00:38;R;14;16;FALSCH;FALSCH;WAHR;2;2;1
28.02.18 00:41;L;33;18;FALSCH;WAHR;FALSCH;1;3;2
28.02.18 00:43;R;16;16;FALSCH;WAHR;FALSCH;2;1;1
28.02.18 00:45;L;31;19;FALSCH;FALSCH;WAHR;1;1;2
28.02.18 00:46;R;34;18;FALSCH;FALSCH;WAHR;2;1;2
28.02.18 00:49;L;21;18;WAHR;FALSCH;FALSCH;1;3;2
28.02.18 00:51;R;31;18;FALSCH;FALSCH;WAHR;1;1;2
28.02.18 00:54;L;12;18;WAHR;FALSCH;FALSCH;2;3;1
28.02.18 00:56;R;21;19;WAHR;FALSCH;FALSCH;1;3;2
28.02.18 00:58;L;11;18;FALSCH;WAHR;FALSCH;1;2;1
28.02.18 01:00;R;2;17;WAHR;FALSCH;FALSCH;2;2;1
28.02.18 01:03;L;34;16;FALSCH;FALSCH;WAHR;2;1;2
28.02.18 01:05;R;36;15;FALSCH;WAHR;FALSCH;2;3;2
28.02.18 01:08;L;13;16;FALSCH;WAHR;FALSCH;1;1;1
28.02.18 01:12;R;20;14;FALSCH;FALSCH;WAHR;2;2;2
28.02.18 01:13;L;13;17;FALSCH;WAHR;FALSCH;1;1;1
28.02.18 01:16;R;30;14;FALSCH;WAHR;FALSCH;2;3;2
28.02.18 01:19;L;8;16;FALSCH;WAHR;FALSCH;2;2;1
28.02.18 01:24;R;11;16;FALSCH;WAHR;FALSCH;1;2;1
28.02.18 01:27;L;34;16;FALSCH;FALSCH;WAHR;2;1;2
28.02.18 01:30;R;30;16;FALSCH;WAHR;FALSCH;2;3;2
28.02.18 01:33;L;9;17;FALSCH;FALSCH;WAHR;1;3;1
28.02.18 01:36;R;31;15;FALSCH;FALSCH;WAHR;1;1;2
28.02.18 01:40;L;21;15;WAHR;FALSCH;FALSCH;1;3;2
28.02.18 01:42;R;4;16;WAHR;FALSCH;FALSCH;2;1;1
28.02.18 01:46;L;36;15;FALSCH;WAHR;FALSCH;2;3;2
28.02.18 01:48;R;18;14;WAHR;FALSCH;FALSCH;2;3;1
28.02.18 01:49;L;32;16;WAHR;FALSCH;FALSCH;2;2;2
28.02.18 01:50;R;32;15;WAHR;FALSCH;FALSCH;2;2;2
28.02.18 01:51;L;7;16;WAHR;FALSCH;FALSCH;1;1;1
28.02.18 01:52;R;0;15;WAHR;FALSCH;FALSCH;0;0;0
28.02.18 01:53;L;6;17;FALSCH;FALSCH;WAHR;2;3;1
28.02.18 01:54;R;16;14;FALSCH;WAHR;FALSCH;2;1;1
28.02.18 01:57;L;18;17;WAHR;FALSCH;FALSCH;2;3;1
28.02.18 01:58;R;34;16;FALSCH;FALSCH;WAHR;2;1;2
28.02.18 01:59;L;32;15;WAHR;FALSCH;FALSCH;2;2;2
28.02.18 02:01;R;27;14;FALSCH;WAHR;FALSCH;1;3;2
28.02.18 02:02;L;31;16;FALSCH;FALSCH;WAHR;1;1;2
28.02.18 02:03;R;18;14;WAHR;FALSCH;FALSCH;2;3;1
28.02.18 02:05;L;3;14;WAHR;FALSCH;FALSCH;1;3;1
28.02.18 02:06;R;3;14;WAHR;FALSCH;FALSCH;1;3;1
28.02.18 02:07;L;30;16;FALSCH;WAHR;FALSCH;2;3;2
28.02.18 02:08;R;12;16;WAHR;FALSCH;FALSCH;2;3;1
28.02.18 02:10;L;24;15;FALSCH;WAHR;FALSCH;2;3;2
28.02.18 02:11;R;5;14;FALSCH;WAHR;FALSCH;1;2;1
28.02.18 02:13;L;15;14;WAHR;FALSCH;FALSCH;1;3;1
28.02.18 02:15;R;9;13;FALSCH;FALSCH;WAHR;1;3;1
28.02.18 02:16;L;1;15;FALSCH;FALSCH;WAHR;1;1;1
28.02.18 02:18;R;0;16;WAHR;FALSCH;FALSCH;0;0;0
28.02.18 19:00;L;16;16;FALSCH;WAHR;FALSCH;2;1;1
28.02.18 19:02;R;6;17;FALSCH;FALSCH;WAHR;2;3;1
28.02.18 19:03;L;24;16;FALSCH;WAHR;FALSCH;2;3;2
28.02.18 19:04;R;6;16;FALSCH;FALSCH;WAHR;2;3;1
28.02.18 19:06;L;21;15;WAHR;FALSCH;FALSCH;1;3;2
28.02.18 19:08;R;20;16;FALSCH;FALSCH;WAHR;2;2;2
28.02.18 19:09;L;3;16;WAHR;FALSCH;FALSCH;1;3;1
28.02.18 19:10;R;35;14;WAHR;FALSCH;FALSCH;1;2;2
28.02.18 19:12;L;4;16;WAHR;FALSCH;FALSCH;2;1;1
28.02.18 19:13;R;20;16;FALSCH;FALSCH;WAHR;2;2;2
28.02.18 19:14;L;16;15;FALSCH;WAHR;FALSCH;2;1;1
28.02.18 19:15;R;34;16;FALSCH;FALSCH;WAHR;2;1;2
28.02.18 19:16;L;21;19;WAHR;FALSCH;FALSCH;1;3;2
28.02.18 19:18;R;36;16;FALSCH;WAHR;FALSCH;2;3;2
28.02.18 19:19;L;32;16;WAHR;FALSCH;FALSCH;2;2;2
28.02.18 19:21;R;5;16;FALSCH;WAHR;FALSCH;1;2;1
28.02.18 19:23;L;33;16;FALSCH;WAHR;FALSCH;1;3;2
28.02.18 19:25;R;24;16;FALSCH;WAHR;FALSCH;2;3;2
28.02.18 19:26;L;24;18;FALSCH;WAHR;FALSCH;2;3;2
28.02.18 19:28;R;28;17;WAHR;FALSCH;FALSCH;2;1;2
28.02.18 19:30;L;34;17;FALSCH;FALSCH;WAHR;2;1;2
28.02.18 19:32;R;7;17;WAHR;FALSCH;FALSCH;1;1;1
28.02.18 19:33;L;14;18;FALSCH;FALSCH;WAHR;2;2;1
28.02.18 19:35;R;6;18;FALSCH;FALSCH;WAHR;2;3;1
28.02.18 19:38;L;13;20;FALSCH;WAHR;FALSCH;1;1;1
28.02.18 19:40;R;18;16;WAHR;FALSCH;FALSCH;2;3;1
28.02.18 19:42;L;15;18;WAHR;FALSCH;FALSCH;1;3;1
28.02.18 19:44;R;3;16;WAHR;FALSCH;FALSCH;1;3;1
28.02.18 19:45;L;1;18;FALSCH;FALSCH;WAHR;1;1;1
28.02.18 19:46;R;0;16;WAHR;FALSCH;FALSCH;0;0;0
28.02.18 19:47;L;34;16;FALSCH;FALSCH;WAHR;2;1;2
28.02.18 19:49;R;25;15;WAHR;FALSCH;FALSCH;1;1;2
28.02.18 19:50;L;5;14;FALSCH;WAHR;FALSCH;1;2;1
28.02.18 19:52;R;27;15;FALSCH;WAHR;FALSCH;1;3;2
28.02.18 19:53;L;32;15;WAHR;FALSCH;FALSCH;2;2;2
28.02.18 19:55;R;26;16;WAHR;FALSCH;FALSCH;2;2;2
28.02.18 19:56;L;0;16;WAHR;FALSCH;FALSCH;0;0;0
28.02.18 19:57;R;31;17;FALSCH;FALSCH;WAHR;1;1;2
28.02.18 19:59;L;4;16;WAHR;FALSCH;FALSCH;2;1;1
28.02.18 20:00;R;7;15;WAHR;FALSCH;FALSCH;1;1;1
28.02.18 20:01;L;11;16;FALSCH;WAHR;FALSCH;1;2;1
28.02.18 20:03;R;14;16;FALSCH;FALSCH;WAHR;2;2;1
28.02.18 20:04;L;9;16;FALSCH;FALSCH;WAHR;1;3;1
28.02.18 20:05;R;19;15;WAHR;FALSCH;FALSCH;1;1;2
28.02.18 20:06;L;26;16;WAHR;FALSCH;FALSCH;2;2;2
28.02.18 20:08;R;0;18;WAHR;FALSCH;FALSCH;0;0;0
28.02.18 20:09;L;2;16;WAHR;FALSCH;FALSCH;2;2;1
28.02.18 20:10;R;32;14;WAHR;FALSCH;FALSCH;2;2;2
28.02.18 20:11;L;5;16;FALSCH;WAHR;FALSCH;1;2;1
28.02.18 20:13;R;14;15;FALSCH;FALSCH;WAHR;2;2;1
28.02.18 20:14;L;11;16;FALSCH;WAHR;FALSCH;1;2;1
28.02.18 20:15;R;7;16;WAHR;FALSCH;FALSCH;1;1;1
28.02.18 20:17;L;33;17;FALSCH;WAHR;FALSCH;1;3;2
28.02.18 20:18;R;23;18;FALSCH;WAHR;FALSCH;1;2;2
28.02.18 20:20;L;36;18;FALSCH;WAHR;FALSCH;2;3;2
28.02.18 20:21;R;2;18;WAHR;FALSCH;FALSCH;2;2;1
28.02.18 20:23;L;22;18;WAHR;FALSCH;FALSCH;2;1;2
28.02.18 20:24;R;11;18;FALSCH;WAHR;FALSCH;1;2;1
28.02.18 20:27;L;21;18;WAHR;FALSCH;FALSCH;1;3;2
28.02.18 20:31;R;36;17;FALSCH;WAHR;FALSCH;2;3;2
28.02.18 20:32;L;36;18;FALSCH;WAHR;FALSCH;2;3;2
28.02.18 20:33;R;17;17;FALSCH;FALSCH;WAHR;1;2;1
28.02.18 20:35;L;29;18;WAHR;FALSCH;FALSCH;1;2;2
28.02.18 20:36;R;31;18;FALSCH;FALSCH;WAHR;1;1;2
28.02.18 20:37;L;0;18;WAHR;FALSCH;FALSCH;0;0;0
28.02.18 20:39;R;25;18;WAHR;FALSCH;FALSCH;1;1;2
28.02.18 20:40;L;19;17;WAHR;FALSCH;FALSCH;1;1;2
28.02.18 20:42;R;35;18;WAHR;FALSCH;FALSCH;1;2;2
28.02.18 20:43;L;21;19;WAHR;FALSCH;FALSCH;1;3;2
28.02.18 20:45;R;2;17;WAHR;FALSCH;FALSCH;2;2;1
28.02.18 20:46;L;29;19;WAHR;FALSCH;FALSCH;1;2;2
28.02.18 20:47;R;16;19;FALSCH;WAHR;FALSCH;2;1;1
28.02.18 20:49;L;27;18;FALSCH;WAHR;FALSCH;1;3;2
28.02.18 20:50;R;3;18;WAHR;FALSCH;FALSCH;1;3;1
28.02.18 20:51;L;9;18;FALSCH;FALSCH;WAHR;1;3;1
28.02.18 20:52;R;17;18;FALSCH;FALSCH;WAHR;1;2;1
28.02.18 20:54;L;35;18;WAHR;FALSCH;FALSCH;1;2;2
28.02.18 20:55;R;32;20;WAHR;FALSCH;FALSCH;2;2;2
28.02.18 20:56;L;3;17;WAHR;FALSCH;FALSCH;1;3;1
28.02.18 20:58;R;0;19;WAHR;FALSCH;FALSCH;0;0;0
28.02.18 20:59;L;25;20;WAHR;FALSCH;FALSCH;1;1;2
28.02.18 21:00;R;23;19;FALSCH;WAHR;FALSCH;1;2;2
28.02.18 21:02;L;20;16;FALSCH;FALSCH;WAHR;2;2;2
28.02.18 21:03;R;0;20;WAHR;FALSCH;FALSCH;0;0;0
28.02.18 21:05;L;22;16;WAHR;FALSCH;FALSCH;2;1;2
28.02.18 21:06;R;8;19;FALSCH;WAHR;FALSCH;2;2;1
28.02.18 21:07;L;18;18;WAHR;FALSCH;FALSCH;2;3;1
28.02.18 21:09;R;11;20;FALSCH;WAHR;FALSCH;1;2;1
28.02.18 21:10;L;2;18;WAHR;FALSCH;FALSCH;2;2;1
28.02.18 21:12;R;24;19;FALSCH;WAHR;FALSCH;2;3;2
28.02.18 21:13;L;10;18;FALSCH;WAHR;FALSCH;2;1;1
28.02.18 21:14;R;6;20;FALSCH;FALSCH;WAHR;2;3;1
28.02.18 21:17;L;22;17;WAHR;FALSCH;FALSCH;2;1;2
28.02.18 21:18;R;6;15;FALSCH;FALSCH;WAHR;2;3;1
28.02.18 21:19;L;22;18;WAHR;FALSCH;FALSCH;2;1;2
28.02.18 21:21;R;32;16;WAHR;FALSCH;FALSCH;2;2;2
28.02.18 21:22;L;8;16;FALSCH;WAHR;FALSCH;2;2;1
28.02.18 21:23;R;34;16;FALSCH;FALSCH;WAHR;2;1;2
28.02.18 21:24;L;8;16;FALSCH;WAHR;FALSCH;2;2;1
28.02.18 21:25;R;16;16;FALSCH;WAHR;FALSCH;2;1;1
28.02.18 21:26;L;13;16;FALSCH;WAHR;FALSCH;1;1;1
28.02.18 21:28;R;34;16;FALSCH;FALSCH;WAHR;2;1;2
28.02.18 21:28;L;0;17;WAHR;FALSCH;FALSCH;0;0;0
28.02.18 21:29;R;23;17;FALSCH;WAHR;FALSCH;1;2;2
28.02.18 21:30;L;21;16;WAHR;FALSCH;FALSCH;1;3;2
28.02.18 21:32;R;19;17;WAHR;FALSCH;FALSCH;1;1;2
28.02.18 21:34;L;10;18;FALSCH;WAHR;FALSCH;2;1;1
28.02.18 21:35;R;9;16;FALSCH;FALSCH;WAHR;1;3;1
28.02.18 21:36;L;11;16;FALSCH;WAHR;FALSCH;1;2;1
28.02.18 21:38;R;35;16;WAHR;FALSCH;FALSCH;1;2;2
28.02.18 21:39;L;6;16;FALSCH;FALSCH;WAHR;2;3;1
28.02.18 21:40;R;20;16;FALSCH;FALSCH;WAHR;2;2;2
28.02.18 21:42;L;21;16;WAHR;FALSCH;FALSCH;1;3;2
28.02.18 21:44;R;15;16;WAHR;FALSCH;FALSCH;1;3;1
28.02.18 21:45;L;13;17;FALSCH;WAHR;FALSCH;1;1;1
28.02.18 21:47;R;26;16;WAHR;FALSCH;FALSCH;2;2;2
28.02.18 21:49;L;19;16;WAHR;FALSCH;FALSCH;1;1;2
28.02.18 21:51;R;34;15;FALSCH;FALSCH;WAHR;2;1;2
28.02.18 21:53;L;34;17;FALSCH;FALSCH;WAHR;2;1;2
28.02.18 21:54;R;12;15;WAHR;FALSCH;FALSCH;2;3;1
28.02.18 21:55;L;0;14;WAHR;FALSCH;FALSCH;0;0;0
28.02.18 21:57;R;9;16;FALSCH;FALSCH;WAHR;1;3;1
28.02.18 21:58;L;7;16;WAHR;FALSCH;FALSCH;1;1;1
28.02.18 21:59;R;0;17;WAHR;FALSCH;FALSCH;0;0;0
28.02.18 22:01;L;14;17;FALSCH;FALSCH;WAHR;2;2;1
28.02.18 22:03;R;22;16;WAHR;FALSCH;FALSCH;2;1;2
28.02.18 22:04;L;29;16;WAHR;FALSCH;FALSCH;1;2;2
28.02.18 22:06;R;13;16;FALSCH;WAHR;FALSCH;1;1;1
28.02.18 22:07;L;10;15;FALSCH;WAHR;FALSCH;2;1;1
28.02.18 22:08;R;11;16;FALSCH;WAHR;FALSCH;1;2;1
28.02.18 22:09;L;11;15;FALSCH;WAHR;FALSCH;1;2;1
28.02.18 22:10;R;7;15;WAHR;FALSCH;FALSCH;1;1;1
28.02.18 22:11;L;2;16;WAHR;FALSCH;FALSCH;2;2;1
28.02.18 22:14;R;36;15;FALSCH;WAHR;FALSCH;2;3;2
28.02.18 22:16;L;20;17;FALSCH;FALSCH;WAHR;2;2;2
28.02.18 22:18;R;17;18;FALSCH;FALSCH;WAHR;1;2;1
28.02.18 22:20;L;31;18;FALSCH;FALSCH;WAHR;1;1;2
28.02.18 22:22;R;25;18;WAHR;FALSCH;FALSCH;1;1;2
28.02.18 22:24;L;13;20;FALSCH;WAHR;FALSCH;1;1;1
28.02.18 22:25;R;16;17;FALSCH;WAHR;FALSCH;2;1;1
28.02.18 22:26;L;11;19;FALSCH;WAHR;FALSCH;1;2;1
28.02.18 22:28;R;32;19;WAHR;FALSCH;FALSCH;2;2;2
28.02.18 22:29;L;15;19;WAHR;FALSCH;FALSCH;1;3;1
28.02.18 22:31;R;6;18;FALSCH;FALSCH;WAHR;2;3;1
28.02.18 22:32;L;27;19;FALSCH;WAHR;FALSCH;1;3;2
28.02.18 22:33;R;22;17;WAHR;FALSCH;FALSCH;2;1;2
28.02.18 22:35;L;17;19;FALSCH;FALSCH;WAHR;1;2;1
28.02.18 22:36;R;20;18;FALSCH;FALSCH;WAHR;2;2;2
28.02.18 22:37;L;32;19;WAHR;FALSCH;FALSCH;2;2;2
28.02.18 22:39;R;8;18;FALSCH;WAHR;FALSCH;2;2;1
28.02.18 22:40;L;10;17;FALSCH;WAHR;FALSCH;2;1;1
28.02.18 22:41;R;30;18;FALSCH;WAHR;FALSCH;2;3;2
28.02.18 22:42;L;2;19;WAHR;FALSCH;FALSCH;2;2;1
28.02.18 22:45;R;36;17;FALSCH;WAHR;FALSCH;2;3;2
28.02.18 22:47;L;14;17;FALSCH;FALSCH;WAHR;2;2;1
28.02.18 22:48;R;13;17;FALSCH;WAHR;FALSCH;1;1;1
28.02.18 22:50;L;23;18;FALSCH;WAHR;FALSCH;1;2;2
28.02.18 22:51;R;11;17;FALSCH;WAHR;FALSCH;1;2;1
28.02.18 22:52;L;16;19;FALSCH;WAHR;FALSCH;2;1;1
28.02.18 22:54;R;20;18;FALSCH;FALSCH;WAHR;2;2;2
28.02.18 22:56;L;19;18;WAHR;FALSCH;FALSCH;1;1;2
28.02.18 22:57;R;24;16;FALSCH;WAHR;FALSCH;2;3;2
28.02.18 22:59;L;22;18;WAHR;FALSCH;FALSCH;2;1;2
28.02.18 23:00;R;6;17;FALSCH;FALSCH;WAHR;2;3;1
28.02.18 23:02;L;23;20;FALSCH;WAHR;FALSCH;1;2;2
28.02.18 23:05;R;21;17;WAHR;FALSCH;FALSCH;1;3;2
28.02.18 23:07;L;3;16;WAHR;FALSCH;FALSCH;1;3;1
28.02.18 23:09;R;24;17;FALSCH;WAHR;FALSCH;2;3;2
28.02.18 23:10;L;32;18;WAHR;FALSCH;FALSCH;2;2;2
28.02.18 23:12;R;10;17;FALSCH;WAHR;FALSCH;2;1;1
28.02.18 23:13;L;4;17;WAHR;FALSCH;FALSCH;2;1;1
28.02.18 23:14;R;25;16;WAHR;FALSCH;FALSCH;1;1;2
28.02.18 23:15;L;18;17;WAHR;FALSCH;FALSCH;2;3;1
28.02.18 23:17;R;24;19;FALSCH;WAHR;FALSCH;2;3;2
28.02.18 23:18;L;32;19;WAHR;FALSCH;FALSCH;2;2;2
28.02.18 23:20;R;26;18;WAHR;FALSCH;FALSCH;2;2;2
28.02.18 23:21;L;20;18;FALSCH;FALSCH;WAHR;2;2;2
28.02.18 23:22;R;4;19;WAHR;FALSCH;FALSCH;2;1;1
28.02.18 23:24;L;20;18;FALSCH;FALSCH;WAHR;2;2;2
28.02.18 23:25;R;33;18;FALSCH;WAHR;FALSCH;1;3;2
28.02.18 23:27;L;31;18;FALSCH;FALSCH;WAHR;1;1;2
28.02.18 23:28;R;31;18;FALSCH;FALSCH;WAHR;1;1;2
28.02.18 23:30;L;32;16;WAHR;FALSCH;FALSCH;2;2;2
28.02.18 23:32;R;20;18;FALSCH;FALSCH;WAHR;2;2;2
28.02.18 23:33;L;0;16;WAHR;FALSCH;FALSCH;0;0;0
28.02.18 23:35;R;20;18;FALSCH;FALSCH;WAHR;2;2;2
28.02.18 23:36;L;5;18;FALSCH;WAHR;FALSCH;1;2;1
28.02.18 23:38;R;17;19;FALSCH;FALSCH;WAHR;1;2;1
28.02.18 23:40;L;8;19;FALSCH;WAHR;FALSCH;2;2;1
28.02.18 23:41;R;24;20;FALSCH;WAHR;FALSCH;2;3;2
28.02.18 23:44;L;19;18;WAHR;FALSCH;FALSCH;1;1;2
28.02.18 23:45;R;30;18;FALSCH;WAHR;FALSCH;2;3;2
28.02.18 23:46;L;8;19;FALSCH;WAHR;FALSCH;2;2;1
28.02.18 23:47;R;6;18;FALSCH;FALSCH;WAHR;2;3;1
01.03.18 19:00;L;27;18;FALSCH;WAHR;FALSCH;1;3;2
01.03.18 19:01;R;14;17;FALSCH;FALSCH;WAHR;2;2;1
01.03.18 19:02;L;35;19;WAHR;FALSCH;FALSCH;1;2;2
01.03.18 19:05;R;23;25;FALSCH;WAHR;FALSCH;1;2;2
01.03.18 19:06;L;23;18;FALSCH;WAHR;FALSCH;1;2;2
01.03.18 19:08;R;4;17;WAHR;FALSCH;FALSCH;2;1;1
01.03.18 19:10;L;1;17;FALSCH;FALSCH;WAHR;1;1;1
01.03.18 19:12;R;4;16;WAHR;FALSCH;FALSCH;2;1;1
01.03.18 19:13;L;10;18;FALSCH;WAHR;FALSCH;2;1;1
01.03.18 19:15;R;20;17;FALSCH;FALSCH;WAHR;2;2;2
01.03.18 19:17;L;18;18;WAHR;FALSCH;FALSCH;2;3;1
01.03.18 19:19;R;34;18;FALSCH;FALSCH;WAHR;2;1;2
01.03.18 19:20;L;33;18;FALSCH;WAHR;FALSCH;1;3;2
01.03.18 19:22;R;32;18;WAHR;FALSCH;FALSCH;2;2;2
01.03.18 19:24;L;5;19;FALSCH;WAHR;FALSCH;1;2;1
01.03.18 19:27;R;34;17;FALSCH;FALSCH;WAHR;2;1;2
01.03.18 19:29;L;22;14;WAHR;FALSCH;FALSCH;2;1;2
01.03.18 19:30;R;8;16;FALSCH;WAHR;FALSCH;2;2;1
01.03.18 19:32;L;15;16;WAHR;FALSCH;FALSCH;1;3;1
01.03.18 19:33;R;20;15;FALSCH;FALSCH;WAHR;2;2;2
01.03.18 19:34;L;4;16;WAHR;FALSCH;FALSCH;2;1;1
01.03.18 19:35;R;9;16;FALSCH;FALSCH;WAHR;1;3;1
01.03.18 19:37;L;12;15;WAHR;FALSCH;FALSCH;2;3;1
01.03.18 19:38;R;26;15;WAHR;FALSCH;FALSCH;2;2;2
01.03.18 19:39;L;0;17;WAHR;FALSCH;FALSCH;0;0;0
01.03.18 19:40;R;15;15;WAHR;FALSCH;FALSCH;1;3;1
01.03.18 19:41;L;13;16;FALSCH;WAHR;FALSCH;1;1;1
01.03.18 19:42;R;13;15;FALSCH;WAHR;FALSCH;1;1;1
01.03.18 19:44;L;28;16;WAHR;FALSCH;FALSCH;2;1;2
01.03.18 19:45;R;19;15;WAHR;FALSCH;FALSCH;1;1;2
01.03.18 19:46;L;13;16;FALSCH;WAHR;FALSCH;1;1;1
01.03.18 19:48;R;12;15;WAHR;FALSCH;FALSCH;2;3;1
01.03.18 19:49;L;25;15;WAHR;FALSCH;FALSCH;1;1;2
01.03.18 19:50;R;36;15;FALSCH;WAHR;FALSCH;2;3;2
01.03.18 19:52;L;13;16;FALSCH;WAHR;FALSCH;1;1;1
01.03.18 19:53;R;36;15;FALSCH;WAHR;FALSCH;2;3;2
01.03.18 19:55;L;26;15;WAHR;FALSCH;FALSCH;2;2;2
01.03.18 19:56;R;34;15;FALSCH;FALSCH;WAHR;2;1;2
01.03.18 19:57;L;19;15;WAHR;FALSCH;FALSCH;1;1;2
01.03.18 19:58;R;0;14;WAHR;FALSCH;FALSCH;0;0;0
01.03.18 19:59;L;7;15;WAHR;FALSCH;FALSCH;1;1;1
01.03.18 20:01;R;13;16;FALSCH;WAHR;FALSCH;1;1;1
01.03.18 20:02;L;1;18;FALSCH;FALSCH;WAHR;1;1;1
01.03.18 20:04;R;22;18;WAHR;FALSCH;FALSCH;2;1;2
01.03.18 20:06;L;36;18;FALSCH;WAHR;FALSCH;2;3;2
01.03.18 20:07;R;3;18;WAHR;FALSCH;FALSCH;1;3;1
01.03.18 20:08;L;17;19;FALSCH;FALSCH;WAHR;1;2;1
01.03.18 20:10;R;28;18;WAHR;FALSCH;FALSCH;2;1;2
01.03.18 20:11;L;15;18;WAHR;FALSCH;FALSCH;1;3;1
01.03.18 20:12;R;36;18;FALSCH;WAHR;FALSCH;2;3;2
01.03.18 20:13;L;14;18;FALSCH;FALSCH;WAHR;2;2;1
01.03.18 20:15;R;8;17;FALSCH;WAHR;FALSCH;2;2;1
01.03.18 20:16;L;25;19;WAHR;FALSCH;FALSCH;1;1;2
01.03.18 20:18;R;11;18;FALSCH;WAHR;FALSCH;1;2;1
01.03.18 20:19;L;34;18;FALSCH;FALSCH;WAHR;2;1;2
01.03.18 20:21;R;17;18;FALSCH;FALSCH;WAHR;1;2;1
01.03.18 20:22;L;22;17;WAHR;FALSCH;FALSCH;2;1;2
01.03.18 20:24;R;20;17;FALSCH;FALSCH;WAHR;2;2;2
01.03.18 20:25;L;34;17;FALSCH;FALSCH;WAHR;2;1;2
01.03.18 20:27;R;22;18;WAHR;FALSCH;FALSCH;2;1;2
01.03.18 20:28;L;24;19;FALSCH;WAHR;FALSCH;2;3;2
01.03.18 20:30;R;4;18;WAHR;FALSCH;FALSCH;2;1;1
01.03.18 20:31;L;17;17;FALSCH;FALSCH;WAHR;1;2;1
01.03.18 20:32;R;11;14;FALSCH;WAHR;FALSCH;1;2;1
01.03.18 20:33;L;15;16;WAHR;FALSCH;FALSCH;1;3;1
01.03.18 20:34;R;4;13;WAHR;FALSCH;FALSCH;2;1;1
01.03.18 20:36;L;33;15;FALSCH;WAHR;FALSCH;1;3;2
01.03.18 20:37;R;22;15;WAHR;FALSCH;FALSCH;2;1;2
01.03.18 20:38;L;11;15;FALSCH;WAHR;FALSCH;1;2;1
01.03.18 20:40;R;12;15;WAHR;FALSCH;FALSCH;2;3;1
01.03.18 20:41;L;13;15;FALSCH;WAHR;FALSCH;1;1;1
01.03.18 20:42;R;36;14;FALSCH;WAHR;FALSCH;2;3;2
01.03.18 20:45;L;12;16;WAHR;FALSCH;FALSCH;2;3;1
01.03.18 20:46;R;13;16;FALSCH;WAHR;FALSCH;1;1;1
01.03.18 20:47;L;5;18;FALSCH;WAHR;FALSCH;1;2;1
01.03.18 20:49;R;30;19;FALSCH;WAHR;FALSCH;2;3;2
01.03.18 20:50;L;16;19;FALSCH;WAHR;FALSCH;2;1;1
01.03.18 20:52;R;1;18;FALSCH;FALSCH;WAHR;1;1;1
01.03.18 20:53;L;14;19;FALSCH;FALSCH;WAHR;2;2;1
01.03.18 20:55;R;23;18;FALSCH;WAHR;FALSCH;1;2;2
01.03.18 20:57;L;25;19;WAHR;FALSCH;FALSCH;1;1;2
01.03.18 20:58;R;13;18;FALSCH;WAHR;FALSCH;1;1;1
01.03.18 21:00;L;33;19;FALSCH;WAHR;FALSCH;1;3;2
01.03.18 21:02;R;33;17;FALSCH;WAHR;FALSCH;1;3;2
01.03.18 21:05;L;23;18;FALSCH;WAHR;FALSCH;1;2;2
01.03.18 21:06;R;15;16;WAHR;FALSCH;FALSCH;1;3;1
01.03.18 21:08;L;3;18;WAHR;FALSCH;FALSCH;1;3;1
01.03.18 21:09;R;28;17;WAHR;FALSCH;FALSCH;2;1;2
01.03.18 21:11;L;32;19;WAHR;FALSCH;FALSCH;2;2;2
01.03.18 21:13;R;18;18;WAHR;FALSCH;FALSCH;2;3;1
01.03.18 21:14;L;19;18;WAHR;FALSCH;FALSCH;1;1;2
01.03.18 21:15;R;1;18;FALSCH;FALSCH;WAHR;1;1;1
01.03.18 21:17;L;4;17;WAHR;FALSCH;FALSCH;2;1;1
01.03.18 21:18;R;5;16;FALSCH;WAHR;FALSCH;1;2;1
01.03.18 21:19;L;35;16;WAHR;FALSCH;FALSCH;1;2;2
01.03.18 21:21;R;26;15;WAHR;FALSCH;FALSCH;2;2;2
01.03.18 21:22;L;9;16;FALSCH;FALSCH;WAHR;1;3;1
01.03.18 21:23;R;20;15;FALSCH;FALSCH;WAHR;2;2;2
01.03.18 21:25;L;28;16;WAHR;FALSCH;FALSCH;2;1;2
01.03.18 21:26;R;18;15;WAHR;FALSCH;FALSCH;2;3;1
01.03.18 21:28;L;15;15;WAHR;FALSCH;FALSCH;1;3;1
01.03.18 21:30;R;16;15;FALSCH;WAHR;FALSCH;2;1;1
01.03.18 21:31;L;35;15;WAHR;FALSCH;FALSCH;1;2;2
01.03.18 21:32;R;35;18;WAHR;FALSCH;FALSCH;1;2;2
01.03.18 21:34;L;26;18;WAHR;FALSCH;FALSCH;2;2;2
01.03.18 21:35;R;17;18;FALSCH;FALSCH;WAHR;1;2;1
01.03.18 21:37;L;25;18;WAHR;FALSCH;FALSCH;1;1;2
01.03.18 21:38;R;19;18;WAHR;FALSCH;FALSCH;1;1;2
01.03.18 21:40;L;34;18;FALSCH;FALSCH;WAHR;2;1;2
01.03.18 21:41;R;4;18;WAHR;FALSCH;FALSCH;2;1;1
01.03.18 21:42;L;19;19;WAHR;FALSCH;FALSCH;1;1;2
01.03.18 21:44;R;35;18;WAHR;FALSCH;FALSCH;1;2;2
01.03.18 21:46;L;6;18;FALSCH;FALSCH;WAHR;2;3;1
01.03.18 21:47;R;36;17;FALSCH;WAHR;FALSCH;2;3;2
01.03.18 21:49;L;25;19;WAHR;FALSCH;FALSCH;1;1;2
01.03.18 21:50;R;17;17;FALSCH;FALSCH;WAHR;1;2;1
01.03.18 21:51;L;24;18;FALSCH;WAHR;FALSCH;2;3;2
01.03.18 21:52;R;9;18;FALSCH;FALSCH;WAHR;1;3;1
01.03.18 21:54;L;4;18;WAHR;FALSCH;FALSCH;2;1;1
01.03.18 21:55;R;7;18;WAHR;FALSCH;FALSCH;1;1;1
01.03.18 21:56;L;18;18;WAHR;FALSCH;FALSCH;2;3;1
01.03.18 21:58;R;29;18;WAHR;FALSCH;FALSCH;1;2;2
01.03.18 21:59;L;32;18;WAHR;FALSCH;FALSCH;2;2;2
01.03.18 22:00;R;20;18;FALSCH;FALSCH;WAHR;2;2;2
01.03.18 22:02;L;14;17;FALSCH;FALSCH;WAHR;2;2;1
01.03.18 22:03;R;15;16;WAHR;FALSCH;FALSCH;1;3;1
01.03.18 22:04;L;5;16;FALSCH;WAHR;FALSCH;1;2;1
01.03.18 22:05;R;25;15;WAHR;FALSCH;FALSCH;1;1;2
01.03.18 22:07;L;26;16;WAHR;FALSCH;FALSCH;2;2;2
01.03.18 22:08;R;18;15;WAHR;FALSCH;FALSCH;2;3;1
01.03.18 22:09;L;15;16;WAHR;FALSCH;FALSCH;1;3;1
01.03.18 22:10;R;13;14;FALSCH;WAHR;FALSCH;1;1;1
01.03.18 22:12;L;27;16;FALSCH;WAHR;FALSCH;1;3;2
01.03.18 22:13;R;9;15;FALSCH;FALSCH;WAHR;1;3;1
01.03.18 22:14;L;25;15;WAHR;FALSCH;FALSCH;1;1;2
01.03.18 22:15;R;0;16;WAHR;FALSCH;FALSCH;0;0;0
01.03.18 22:17;L;1;19;FALSCH;FALSCH;WAHR;1;1;1
01.03.18 22:18;R;2;17;WAHR;FALSCH;FALSCH;2;2;1
01.03.18 22:19;L;4;17;WAHR;FALSCH;FALSCH;2;1;1
01.03.18 22:21;R;16;17;FALSCH;WAHR;FALSCH;2;1;1
01.03.18 22:22;L;21;18;WAHR;FALSCH;FALSCH;1;3;2
01.03.18 22:23;R;27;18;FALSCH;WAHR;FALSCH;1;3;2
01.03.18 22:24;L;22;19;WAHR;FALSCH;FALSCH;2;1;2
01.03.18 22:26;R;24;18;FALSCH;WAHR;FALSCH;2;3;2
01.03.18 22:28;L;34;18;FALSCH;FALSCH;WAHR;2;1;2
01.03.18 22:30;R;23;18;FALSCH;WAHR;FALSCH;1;2;2
01.03.18 22:32;L;3;19;WAHR;FALSCH;FALSCH;1;3;1
01.03.18 22:33;R;15;17;WAHR;FALSCH;FALSCH;1;3;1
01.03.18 22:35;L;3;19;WAHR;FALSCH;FALSCH;1;3;1
01.03.18 22:37;R;22;18;WAHR;FALSCH;FALSCH;2;1;2
01.03.18 22:38;L;13;18;FALSCH;WAHR;FALSCH;1;1;1
01.03.18 22:40;R;13;17;FALSCH;WAHR;FALSCH;1;1;1
01.03.18 22:42;L;1;19;FALSCH;FALSCH;WAHR;1;1;1
01.03.18 22:43;R;36;17;FALSCH;WAHR;FALSCH;2;3;2
01.03.18 22:45;L;18;18;WAHR;FALSCH;FALSCH;2;3;1
01.03.18 22:46;R;25;17;WAHR;FALSCH;FALSCH;1;1;2
01.03.18 22:47;L;26;16;WAHR;FALSCH;FALSCH;2;2;2
01.03.18 22:48;R;9;16;FALSCH;FALSCH;WAHR;1;3;1
01.03.18 22:49;L;1;16;FALSCH;FALSCH;WAHR;1;1;1
01.03.18 22:50;R;4;16;WAHR;FALSCH;FALSCH;2;1;1
01.03.18 22:52;L;24;16;FALSCH;WAHR;FALSCH;2;3;2
01.03.18 22:54;R;18;15;WAHR;FALSCH;FALSCH;2;3;1
01.03.18 22:54;L;12;15;WAHR;FALSCH;FALSCH;2;3;1
01.03.18 22:55;R;29;15;WAHR;FALSCH;FALSCH;1;2;2
01.03.18 22:56;L;19;16;WAHR;FALSCH;FALSCH;1;1;2
01.03.18 22:57;R;5;16;FALSCH;WAHR;FALSCH;1;2;1
01.03.18 22:58;L;32;16;WAHR;FALSCH;FALSCH;2;2;2
01.03.18 22:59;R;28;15;WAHR;FALSCH;FALSCH;2;1;2
01.03.18 23:00;L;15;18;WAHR;FALSCH;FALSCH;1;3;1
01.03.18 23:02;R;23;17;FALSCH;WAHR;FALSCH;1;2;2
01.03.18 23:03;L;3;19;WAHR;FALSCH;FALSCH;1;3;1
01.03.18 23:05;R;18;17;WAHR;FALSCH;FALSCH;2;3;1
01.03.18 23:06;L;28;17;WAHR;FALSCH;FALSCH;2;1;2
01.03.18 23:07;R;12;18;WAHR;FALSCH;FALSCH;2;3;1
01.03.18 23:10;L;24;17;FALSCH;WAHR;FALSCH;2;3;2
01.03.18 23:13;R;8;16;FALSCH;WAHR;FALSCH;2;2;1
01.03.18 23:14;L;29;19;WAHR;FALSCH;FALSCH;1;2;2
01.03.18 23:16;R;33;17;FALSCH;WAHR;FALSCH;1;3;2
01.03.18 23:18;L;36;19;FALSCH;WAHR;FALSCH;2;3;2
01.03.18 23:20;R;24;18;FALSCH;WAHR;FALSCH;2;3;2
01.03.18 23:21;L;7;18;WAHR;FALSCH;FALSCH;1;1;1
01.03.18 23:23;R;0;17;WAHR;FALSCH;FALSCH;0;0;0
01.03.18 23:24;L;23;19;FALSCH;WAHR;FALSCH;1;2;2
01.03.18 23:26;R;22;16;WAHR;FALSCH;FALSCH;2;1;2
01.03.18 23:27;L;30;18;FALSCH;WAHR;FALSCH;2;3;2
01.03.18 23:29;R;16;17;FALSCH;WAHR;FALSCH;2;1;1
01.03.18 23:30;L;36;18;FALSCH;WAHR;FALSCH;2;3;2
01.03.18 23:32;R;23;15;FALSCH;WAHR;FALSCH;1;2;2
01.03.18 23:33;L;20;15;FALSCH;FALSCH;WAHR;2;2;2
01.03.18 23:34;R;12;15;WAHR;FALSCH;FALSCH;2;3;1
01.03.18 23:35;L;13;16;FALSCH;WAHR;FALSCH;1;1;1
01.03.18 23:36;R;30;16;FALSCH;WAHR;FALSCH;2;3;2
01.03.18 23:37;L;17;16;FALSCH;FALSCH;WAHR;1;2;1
01.03.18 23:38;R;15;15;WAHR;FALSCH;FALSCH;1;3;1
01.03.18 23:39;L;4;16;WAHR;FALSCH;FALSCH;2;1;1
01.03.18 23:40;R;33;15;FALSCH;WAHR;FALSCH;1;3;2
01.03.18 23:41;L;28;17;WAHR;FALSCH;FALSCH;2;1;2
01.03.18 23:42;R;0;16;WAHR;FALSCH;FALSCH;0;0;0
01.03.18 23:43;L;10;15;FALSCH;WAHR;FALSCH;2;1;1
01.03.18 23:45;R;16;14;FALSCH;WAHR;FALSCH;2;1;1
01.03.18 23:46;L;19;18;WAHR;FALSCH;FALSCH;1;1;2
01.03.18 23:48;R;26;17;WAHR;FALSCH;FALSCH;2;2;2
01.03.18 23:50;L;28;20;WAHR;FALSCH;FALSCH;2;1;2
01.03.18 23:51;R;14;18;FALSCH;FALSCH;WAHR;2;2;1
01.03.18 23:53;L;7;18;WAHR;FALSCH;FALSCH;1;1;1
01.03.18 23:55;R;0;18;WAHR;FALSCH;FALSCH;0;0;0
01.03.18 23:57;L;4;19;WAHR;FALSCH;FALSCH;2;1;1
01.03.18 23:59;R;15;17;WAHR;FALSCH;FALSCH;1;3;1
02.03.18 00:00;L;10;18;FALSCH;WAHR;FALSCH;2;1;1
02.03.18 00:03;R;13;17;FALSCH;WAHR;FALSCH;1;1;1
02.03.18 00:04;L;27;18;FALSCH;WAHR;FALSCH;1;3;2
02.03.18 00:06;R;21;16;WAHR;FALSCH;FALSCH;1;3;2
02.03.18 00:08;L;34;18;FALSCH;FALSCH;WAHR;2;1;2
02.03.18 00:09;R;10;17;FALSCH;WAHR;FALSCH;2;1;1
02.03.18 00:11;L;18;19;WAHR;FALSCH;FALSCH;2;3;1
02.03.18 00:13;R;10;17;FALSCH;WAHR;FALSCH;2;1;1
02.03.18 00:15;L;20;19;FALSCH;FALSCH;WAHR;2;2;2
02.03.18 00:16;R;0;16;WAHR;FALSCH;FALSCH;0;0;0
02.03.18 00:17;L;7;14;WAHR;FALSCH;FALSCH;1;1;1
02.03.18 00:18;R;9;15;FALSCH;FALSCH;WAHR;1;3;1
02.03.18 00:20;L;11;16;FALSCH;WAHR;FALSCH;1;2;1
02.03.18 00:21;R;13;16;FALSCH;WAHR;FALSCH;1;1;1
02.03.18 00:22;L;14;16;FALSCH;FALSCH;WAHR;2;2;1
02.03.18 00:23;R;36;16;FALSCH;WAHR;FALSCH;2;3;2
02.03.18 00:24;L;9;16;FALSCH;FALSCH;WAHR;1;3;1
02.03.18 00:25;R;26;14;WAHR;FALSCH;FALSCH;2;2;2
02.03.18 00:26;L;9;15;FALSCH;FALSCH;WAHR;1;3;1
02.03.18 00:27;R;35;14;WAHR;FALSCH;FALSCH;1;2;2
02.03.18 00:29;L;7;15;WAHR;FALSCH;FALSCH;1;1;1
02.03.18 00:30;R;13;14;FALSCH;WAHR;FALSCH;1;1;1
02.03.18 00:31;L;20;17;FALSCH;FALSCH;WAHR;2;2;2
02.03.18 00:33;R;13;17;FALSCH;WAHR;FALSCH;1;1;1
02.03.18 00:34;L;36;19;FALSCH;WAHR;FALSCH;2;3;2
02.03.18 00:36;R;23;18;FALSCH;WAHR;FALSCH;1;2;2
02.03.18 00:37;L;29;18;WAHR;FALSCH;FALSCH;1;2;2
02.03.18 00:39;R;22;17;WAHR;FALSCH;FALSCH;2;1;2
02.03.18 00:40;L;17;19;FALSCH;FALSCH;WAHR;1;2;1
02.03.18 00:42;R;26;19;WAHR;FALSCH;FALSCH;2;2;2
02.03.18 00:44;L;36;18;FALSCH;WAHR;FALSCH;2;3;2
02.03.18 00:45;R;13;17;FALSCH;WAHR;FALSCH;1;1;1
02.03.18 00:47;L;9;17;FALSCH;FALSCH;WAHR;1;3;1
02.03.18 00:48;R;22;18;WAHR;FALSCH;FALSCH;2;1;2
02.03.18 00:50;L;20;19;FALSCH;FALSCH;WAHR;2;2;2
02.03.18 00:52;R;5;19;FALSCH;WAHR;FALSCH;1;2;1
02.03.18 00:53;L;7;18;WAHR;FALSCH;FALSCH;1;1;1
02.03.18 00:54;R;5;17;FALSCH;WAHR;FALSCH;1;2;1
02.03.18 19:00;L;5;18;FALSCH;WAHR;FALSCH;1;2;1
02.03.18 19:01;R;35;18;WAHR;FALSCH;FALSCH;1;2;2
02.03.18 19:02;L;7;18;WAHR;FALSCH;FALSCH;1;1;1
02.03.18 19:04;R;33;17;FALSCH;WAHR;FALSCH;1;3;2
02.03.18 19:05;L;2;18;WAHR;FALSCH;FALSCH;2;2;1
02.03.18 19:07;R;0;18;WAHR;FALSCH;FALSCH;0;0;0
02.03.18 19:08;L;32;19;WAHR;FALSCH;FALSCH;2;2;2
02.03.18 19:09;R;18;17;WAHR;FALSCH;FALSCH;2;3;1
02.03.18 19:10;L;13;19;FALSCH;WAHR;FALSCH;1;1;1
02.03.18 19:12;R;1;17;FALSCH;FALSCH;WAHR;1;1;1
02.03.18 19:14;L;27;18;FALSCH;WAHR;FALSCH;1;3;2
02.03.18 19:17;R;1;15;FALSCH;FALSCH;WAHR;1;1;1
02.03.18 19:18;L;10;16;FALSCH;WAHR;FALSCH;2;1;1
02.03.18 19:19;R;16;16;FALSCH;WAHR;FALSCH;2;1;1
02.03.18 19:20;L;19;14;WAHR;FALSCH;FALSCH;1;1;2
02.03.18 19:21;R;6;16;FALSCH;FALSCH;WAHR;2;3;1
02.03.18 19:22;L;31;15;FALSCH;FALSCH;WAHR;1;1;2
02.03.18 19:23;R;15;17;WAHR;FALSCH;FALSCH;1;3;1
02.03.18 19:24;L;11;16;FALSCH;WAHR;FALSCH;1;2;1
02.03.18 19:25;R;16;15;FALSCH;WAHR;FALSCH;2;1;1
02.03.18 19:26;L;8;14;FALSCH;WAHR;FALSCH;2;2;1
02.03.18 19:27;R;9;15;FALSCH;FALSCH;WAHR;1;3;1
02.03.18 19:29;L;29;15;WAHR;FALSCH;FALSCH;1;2;2
02.03.18 19:30;R;14;16;FALSCH;FALSCH;WAHR;2;2;1
02.03.18 19:31;L;8;15;FALSCH;WAHR;FALSCH;2;2;1
02.03.18 19:31;R;6;16;FALSCH;FALSCH;WAHR;2;3;1
02.03.18 19:32;L;21;16;WAHR;FALSCH;FALSCH;1;3;2
02.03.18 19:34;R;27;16;FALSCH;WAHR;FALSCH;1;3;2
02.03.18 19:34;L;15;16;WAHR;FALSCH;FALSCH;1;3;1
02.03.18 19:36;R;11;16;FALSCH;WAHR;FALSCH;1;2;1
02.03.18 19:36;L;14;15;FALSCH;FALSCH;WAHR;2;2;1
02.03.18 19:38;R;19;15;WAHR;FALSCH;FALSCH;1;1;2
02.03.18 19:38;L;28;15;WAHR;FALSCH;FALSCH;2;1;2
02.03.18 19:39;R;22;16;WAHR;FALSCH;FALSCH;2;1;2
02.03.18 19:42;L;33;16;FALSCH;WAHR;FALSCH;1;3;2
02.03.18 19:43;R;26;16;WAHR;FALSCH;FALSCH;2;2;2
02.03.18 19:45;L;0;15;WAHR;FALSCH;FALSCH;0;0;0
02.03.18 19:46;R;23;16;FALSCH;WAHR;FALSCH;1;2;2
02.03.18 19:47;L;1;19;FALSCH;FALSCH;WAHR;1;1;1
02.03.18 19:48;R;19;19;WAHR;FALSCH;FALSCH;1;1;2
02.03.18 19:50;L;7;19;WAHR;FALSCH;FALSCH;1;1;1
02.03.18 19:52;R;23;18;FALSCH;WAHR;FALSCH;1;2;2
02.03.18 19:53;L;22;19;WAHR;FALSCH;FALSCH;2;1;2
02.03.18 19:55;R;34;19;FALSCH;FALSCH;WAHR;2;1;2
02.03.18 19:57;L;0;20;WAHR;FALSCH;FALSCH;0;0;0
02.03.18 19:59;R;5;20;FALSCH;WAHR;FALSCH;1;2;1
02.03.18 20:02;L;20;16;FALSCH;FALSCH;WAHR;2;2;2
02.03.18 20:04;R;17;16;FALSCH;FALSCH;WAHR;1;2;1
02.03.18 20:05;L;18;16;WAHR;FALSCH;FALSCH;2;3;1
02.03.18 20:08;R;2;15;WAHR;FALSCH;FALSCH;2;2;1
02.03.18 20:10;L;10;15;FALSCH;WAHR;FALSCH;2;1;1
02.03.18 20:12;R;15;16;WAHR;FALSCH;FALSCH;1;3;1
02.03.18 20:14;L;10;16;FALSCH;WAHR;FALSCH;2;1;1
02.03.18 20:17;R;29;16;WAHR;FALSCH;FALSCH;1;2;2
02.03.18 20:20;L;23;14;FALSCH;WAHR;FALSCH;1;2;2
02.03.18 20:22;R;8;16;FALSCH;WAHR;FALSCH;2;2;1
02.03.18 20:25;L;35;15;WAHR;FALSCH;FALSCH;1;2;2
02.03.18 20:28;R;21;16;WAHR;FALSCH;FALSCH;1;3;2
02.03.18 20:30;L;14;16;FALSCH;FALSCH;WAHR;2;2;1
02.03.18 20:32;R;18;19;WAHR;FALSCH;FALSCH;2;3;1
02.03.18 20:34;L;14;20;FALSCH;FALSCH;WAHR;2;2;1
02.03.18 20:35;R;34;19;FALSCH;FALSCH;WAHR;2;1;2
02.03.18 20:39;L;10;20;FALSCH;WAHR;FALSCH;2;1;1
02.03.18 20:41;R;35;18;WAHR;FALSCH;FALSCH;1;2;2
02.03.18 20:42;L;5;20;FALSCH;WAHR;FALSCH;1;2;1
02.03.18 20:45;R;4;20;WAHR;FALSCH;FALSCH;2;1;1
02.03.18 20:47;L;35;20;WAHR;FALSCH;FALSCH;1;2;2
02.03.18 20:50;R;20;18;FALSCH;FALSCH;WAHR;2;2;2
02.03.18 20:52;L;14;19;FALSCH;FALSCH;WAHR;2;2;1
02.03.18 20:53;R;14;19;FALSCH;FALSCH;WAHR;2;2;1
02.03.18 20:55;L;7;21;WAHR;FALSCH;FALSCH;1;1;1
02.03.18 20:57;R;24;17;FALSCH;WAHR;FALSCH;2;3;2
02.03.18 20:58;L;19;18;WAHR;FALSCH;FALSCH;1;1;2
02.03.18 21:00;R;6;17;FALSCH;FALSCH;WAHR;2;3;1
02.03.18 21:01;L;13;16;FALSCH;WAHR;FALSCH;1;1;1
02.03.18 21:02;R;20;15;FALSCH;FALSCH;WAHR;2;2;2
02.03.18 21:04;L;13;16;FALSCH;WAHR;FALSCH;1;1;1
02.03.18 21:05;R;15;15;WAHR;FALSCH;FALSCH;1;3;1
02.03.18 21:07;L;12;18;WAHR;FALSCH;FALSCH;2;3;1
02.03.18 21:08;R;20;17;FALSCH;FALSCH;WAHR;2;2;2
02.03.18 21:09;L;12;17;WAHR;FALSCH;FALSCH;2;3;1
02.03.18 21:10;R;0;17;WAHR;FALSCH;FALSCH;0;0;0
02.03.18 21:11;L;31;18;FALSCH;FALSCH;WAHR;1;1;2
02.03.18 21:12;R;9;17;FALSCH;FALSCH;WAHR;1;3;1
02.03.18 21:13;L;15;17;WAHR;FALSCH;FALSCH;1;3;1
02.03.18 21:15;R;2;18;WAHR;FALSCH;FALSCH;2;2;1
02.03.18 21:16;L;24;17;FALSCH;WAHR;FALSCH;2;3;2
02.03.18 21:17;R;7;16;WAHR;FALSCH;FALSCH;1;1;1
02.03.18 21:19;L;14;17;FALSCH;FALSCH;WAHR;2;2;1
02.03.18 21:20;R;1;17;FALSCH;FALSCH;WAHR;1;1;1
02.03.18 21:22;L;8;18;FALSCH;WAHR;FALSCH;2;2;1
02.03.18 21:23;R;10;17;FALSCH;WAHR;FALSCH;2;1;1
02.03.18 21:24;L;1;16;FALSCH;FALSCH;WAHR;1;1;1
02.03.18 21:25;R;12;17;WAHR;FALSCH;FALSCH;2;3;1
02.03.18 21:27;L;18;16;WAHR;FALSCH;FALSCH;2;3;1
02.03.18 21:29;R;17;17;FALSCH;FALSCH;WAHR;1;2;1
02.03.18 21:30;L;36;17;FALSCH;WAHR;FALSCH;2;3;2
02.03.18 21:31;R;3;17;WAHR;FALSCH;FALSCH;1;3;1
02.03.18 21:33;L;27;18;FALSCH;WAHR;FALSCH;1;3;2
02.03.18 21:35;R;28;17;WAHR;FALSCH;FALSCH;2;1;2
02.03.18 21:37;L;2;18;WAHR;FALSCH;FALSCH;2;2;1
02.03.18 21:38;R;32;17;WAHR;FALSCH;FALSCH;2;2;2
02.03.18 21:40;L;18;18;WAHR;FALSCH;FALSCH;2;3;1
02.03.18 21:41;R;2;16;WAHR;FALSCH;FALSCH;2;2;1
02.03.18 21:42;L;32;17;WAHR;FALSCH;FALSCH;2;2;2
02.03.18 21:44;R;9;16;FALSCH;FALSCH;WAHR;1;3;1
02.03.18 21:46;L;23;17;FALSCH;WAHR;FALSCH;1;2;2
02.03.18 21:47;R;15;16;WAHR;FALSCH;FALSCH;1;3;1
02.03.18 21:49;L;30;16;FALSCH;WAHR;FALSCH;2;3;2
02.03.18 21:51;R;36;14;FALSCH;WAHR;FALSCH;2;3;2
02.03.18 21:53;L;14;17;FALSCH;FALSCH;WAHR;2;2;1
02.03.18 21:55;R;32;16;WAHR;FALSCH;FALSCH;2;2;2
02.03.18 21:57;L;25;16;WAHR;FALSCH;FALSCH;1;1;2
02.03.18 21:58;R;20;16;FALSCH;FALSCH;WAHR;2;2;2
02.03.18 22:00;L;21;16;WAHR;FALSCH;FALSCH;1;3;2
02.03.18 22:02;R;20;16;FALSCH;FALSCH;WAHR;2;2;2
02.03.18 22:04;L;35;15;WAHR;FALSCH;FALSCH;1;2;2
02.03.18 22:06;R;15;16;WAHR;FALSCH;FALSCH;1;3;1
02.03.18 22:07;L;7;15;WAHR;FALSCH;FALSCH;1;1;1
02.03.18 22:09;R;1;14;FALSCH;FALSCH;WAHR;1;1;1
02.03.18 22:10;L;1;16;FALSCH;FALSCH;WAHR;1;1;1
02.03.18 22:12;R;21;17;WAHR;FALSCH;FALSCH;1;3;2
02.03.18 22:13;L;22;16;WAHR;FALSCH;FALSCH;2;1;2
02.03.18 22:15;R;9;16;FALSCH;FALSCH;WAHR;1;3;1
02.03.18 22:16;L;35;15;WAHR;FALSCH;FALSCH;1;2;2
02.03.18 22:17;R;19;16;WAHR;FALSCH;FALSCH;1;1;2
02.03.18 22:19;L;18;15;WAHR;FALSCH;FALSCH;2;3;1
02.03.18 22:20;R;13;19;FALSCH;WAHR;FALSCH;1;1;1
02.03.18 22:21;L;29;17;WAHR;FALSCH;FALSCH;1;2;2
02.03.18 22:23;R;36;14;FALSCH;WAHR;FALSCH;2;3;2
02.03.18 22:24;L;11;17;FALSCH;WAHR;FALSCH;1;2;1
02.03.18 22:25;R;10;16;FALSCH;WAHR;FALSCH;2;1;1
02.03.18 22:27;L;0;16;WAHR;FALSCH;FALSCH;0;0;0
02.03.18 22:28;R;14;16;FALSCH;FALSCH;WAHR;2;2;1
02.03.18 22:30;L;20;15;FALSCH;FALSCH;WAHR;2;2;2
02.03.18 22:32;R;21;19;WAHR;FALSCH;FALSCH;1;3;2
02.03.18 22:33;L;7;20;WAHR;FALSCH;FALSCH;1;1;1
02.03.18 22:35;R;35;18;WAHR;FALSCH;FALSCH;1;2;2
02.03.18 22:37;L;11;19;FALSCH;WAHR;FALSCH;1;2;1
02.03.18 22:38;R;6;17;FALSCH;FALSCH;WAHR;2;3;1
02.03.18 22:39;L;10;17;FALSCH;WAHR;FALSCH;2;1;1
02.03.18 22:41;R;32;18;WAHR;FALSCH;FALSCH;2;2;2
02.03.18 22:43;L;19;18;WAHR;FALSCH;FALSCH;1;1;2
02.03.18 22:44;R;4;18;WAHR;FALSCH;FALSCH;2;1;1
02.03.18 22:45;L;2;19;WAHR;FALSCH;FALSCH;2;2;1
02.03.18 22:47;R;13;18;FALSCH;WAHR;FALSCH;1;1;1
02.03.18 22:48;L;24;18;FALSCH;WAHR;FALSCH;2;3;2
02.03.18 22:50;R;12;18;WAHR;FALSCH;FALSCH;2;3;1
02.03.18 22:52;L;22;18;WAHR;FALSCH;FALSCH;2;1;2
02.03.18 22:56;R;30;18;FALSCH;WAHR;FALSCH;2;3;2
02.03.18 22:58;L;32;19;WAHR;FALSCH;FALSCH;2;2;2
02.03.18 23:00;R;25;19;WAHR;FALSCH;FALSCH;1;1;2
02.03.18 23:02;L;33;18;FALSCH;WAHR;FALSCH;1;3;2
02.03.18 23:05;R;11;18;FALSCH;WAHR;FALSCH;1;2;1
02.03.18 23:06;L;26;17;WAHR;FALSCH;FALSCH;2;2;2
02.03.18 23:07;R;7;17;WAHR;FALSCH;FALSCH;1;1;1
02.03.18 23:09;L;15;17;WAHR;FALSCH;FALSCH;1;3;1
02.03.18 23:10;R;23;17;FALSCH;WAHR;FALSCH;1;2;2
02.03.18 23:11;L;7;17;WAHR;FALSCH;FALSCH;1;1;1
02.03.18 23:13;R;32;18;WAHR;FALSCH;FALSCH;2;2;2
02.03.18 23:14;L;1;18;FALSCH;FALSCH;WAHR;1;1;1
02.03.18 23:15;R;5;18;FALSCH;WAHR;FALSCH;1;2;1
02.03.18 23:17;L;9;18;FALSCH;FALSCH;WAHR;1;3;1
02.03.18 23:17;R;22;18;WAHR;FALSCH;FALSCH;2;1;2
02.03.18 23:19;L;15;19;WAHR;FALSCH;FALSCH;1;3;1
02.03.18 23:20;R;32;18;WAHR;FALSCH;FALSCH;2;2;2
02.03.18 23:21;L;19;17;WAHR;FALSCH;FALSCH;1;1;2
02.03.18 23:23;R;21;16;WAHR;FALSCH;FALSCH;1;3;2
02.03.18 23:24;L;19;17;WAHR;FALSCH;FALSCH;1;1;2
02.03.18 23:26;R;31;15;FALSCH;FALSCH;WAHR;1;1;2
02.03.18 23:27;L;31;18;FALSCH;FALSCH;WAHR;1;1;2
02.03.18 23:28;R;4;18;WAHR;FALSCH;FALSCH;2;1;1
02.03.18 23:30;L;11;17;FALSCH;WAHR;FALSCH;1;2;1
02.03.18 23:31;R;27;17;FALSCH;WAHR;FALSCH;1;3;2
02.03.18 23:32;L;7;18;WAHR;FALSCH;FALSCH;1;1;1
02.03.18 23:33;R;30;16;FALSCH;WAHR;FALSCH;2;3;2
02.03.18 23:35;L;15;18;WAHR;FALSCH;FALSCH;1;3;1
02.03.18 23:36;R;23;16;FALSCH;WAHR;FALSCH;1;2;2
02.03.18 23:38;L;9;18;FALSCH;FALSCH;WAHR;1;3;1
02.03.18 23:39;R;1;17;FALSCH;FALSCH;WAHR;1;1;1
02.03.18 23:40;L;9;19;FALSCH;FALSCH;WAHR;1;3;1
02.03.18 23:41;R;25;16;WAHR;FALSCH;FALSCH;1;1;2
02.03.18 23:43;L;24;18;FALSCH;WAHR;FALSCH;2;3;2
02.03.18 23:44;R;15;19;WAHR;FALSCH;FALSCH;1;3;1
02.03.18 23:45;L;13;18;FALSCH;WAHR;FALSCH;1;1;1
02.03.18 23:48;R;14;15;FALSCH;FALSCH;WAHR;2;2;1
02.03.18 23:50;L;1;15;FALSCH;FALSCH;WAHR;1;1;1
02.03.18 23:52;R;6;16;FALSCH;FALSCH;WAHR;2;3;1
02.03.18 23:53;L;35;16;WAHR;FALSCH;FALSCH;1;2;2
02.03.18 23:55;R;18;16;WAHR;FALSCH;FALSCH;2;3;1
02.03.18 23:57;L;16;17;FALSCH;WAHR;FALSCH;2;1;1
02.03.18 23:58;R;15;16;WAHR;FALSCH;FALSCH;1;3;1
03.03.18 00:00;L;15;16;WAHR;FALSCH;FALSCH;1;3;1
03.03.18 00:02;R;20;16;FALSCH;FALSCH;WAHR;2;2;2
03.03.18 00:03;L;3;16;WAHR;FALSCH;FALSCH;1;3;1
03.03.18 00:06;R;19;17;WAHR;FALSCH;FALSCH;1;1;2
03.03.18 00:08;L;18;16;WAHR;FALSCH;FALSCH;2;3;1
03.03.18 00:09;R;4;18;WAHR;FALSCH;FALSCH;2;1;1
03.03.18 00:11;L;36;17;FALSCH;WAHR;FALSCH;2;3;2
03.03.18 00:12;R;5;15;FALSCH;WAHR;FALSCH;1;2;1
03.03.18 00:13;L;12;17;WAHR;FALSCH;FALSCH;2;3;1
03.03.18 00:15;R;23;16;FALSCH;WAHR;FALSCH;1;2;2
03.03.18 00:16;L;12;16;WAHR;FALSCH;FALSCH;2;3;1
03.03.18 00:18;R;30;17;FALSCH;WAHR;FALSCH;2;3;2
03.03.18 00:20;L;4;17;WAHR;FALSCH;FALSCH;2;1;1
03.03.18 00:21;R;20;16;FALSCH;FALSCH;WAHR;2;2;2
03.03.18 00:22;L;29;16;WAHR;FALSCH;FALSCH;1;2;2
03.03.18 00:24;R;26;16;WAHR;FALSCH;FALSCH;2;2;2
03.03.18 00:25;L;31;17;FALSCH;FALSCH;WAHR;1;1;2
03.03.18 00:26;R;26;16;WAHR;FALSCH;FALSCH;2;2;2
03.03.18 00:28;L;14;16;FALSCH;FALSCH;WAHR;2;2;1
03.03.18 00:29;R;26;17;WAHR;FALSCH;FALSCH;2;2;2
03.03.18 00:30;L;16;16;FALSCH;WAHR;FALSCH;2;1;1
03.03.18 00:31;R;34;17;FALSCH;FALSCH;WAHR;2;1;2
03.03.18 00:33;L;4;20;WAHR;FALSCH;FALSCH;2;1;1
03.03.18 00:34;R;8;17;FALSCH;WAHR;FALSCH;2;2;1
03.03.18 00:37;L;8;18;FALSCH;WAHR;FALSCH;2;2;1
03.03.18 00:38;R;18;18;WAHR;FALSCH;FALSCH;2;3;1
03.03.18 00:40;L;2;19;WAHR;FALSCH;FALSCH;2;2;1
03.03.18 00:42;R;5;17;FALSCH;WAHR;FALSCH;1;2;1
03.03.18 00:43;L;27;17;FALSCH;WAHR;FALSCH;1;3;2
03.03.18 00:45;R;23;18;FALSCH;WAHR;FALSCH;1;2;2
03.03.18 00:46;L;20;19;FALSCH;FALSCH;WAHR;2;2;2
03.03.18 00:48;R;11;19;FALSCH;WAHR;FALSCH;1;2;1
03.03.18 00:49;L;33;18;FALSCH;WAHR;FALSCH;1;3;2
03.03.18 00:51;R;5;17;FALSCH;WAHR;FALSCH;1;2;1
03.03.18 00:53;L;19;19;WAHR;FALSCH;FALSCH;1;1;2
03.03.18 00:55;R;3;17;WAHR;FALSCH;FALSCH;1;3;1
03.03.18 00:57;L;31;18;FALSCH;FALSCH;WAHR;1;1;2
03.03.18 00:59;R;31;17;FALSCH;FALSCH;WAHR;1;1;2
03.03.18 01:00;L;24;19;FALSCH;WAHR;FALSCH;2;3;2
03.03.18 01:01;R;12;17;WAHR;FALSCH;FALSCH;2;3;1
03.03.18 01:02;L;34;17;FALSCH;FALSCH;WAHR;2;1;2
03.03.18 01:05;R;35;16;WAHR;FALSCH;FALSCH;1;2;2
03.03.18 01:06;L;14;18;FALSCH;FALSCH;WAHR;2;2;1
03.03.18 01:07;R;10;17;FALSCH;WAHR;FALSCH;2;1;1
03.03.18 01:08;L;28;17;WAHR;FALSCH;FALSCH;2;1;2
03.03.18 01:10;R;10;16;FALSCH;WAHR;FALSCH;2;1;1
03.03.18 01:11;L;27;17;FALSCH;WAHR;FALSCH;1;3;2
03.03.18 01:12;R;30;16;FALSCH;WAHR;FALSCH;2;3;2
03.03.18 01:17;L;34;18;FALSCH;FALSCH;WAHR;2;1;2
03.03.18 01:19;R;22;17;WAHR;FALSCH;FALSCH;2;1;2
03.03.18 01:21;L;16;17;FALSCH;WAHR;FALSCH;2;1;1
03.03.18 01:22;R;29;18;WAHR;FALSCH;FALSCH;1;2;2
03.03.18 01:23;L;22;18;WAHR;FALSCH;FALSCH;2;1;2
03.03.18 01:24;R;5;17;FALSCH;WAHR;FALSCH;1;2;1
03.03.18 01:25;L;8;18;FALSCH;WAHR;FALSCH;2;2;1
03.03.18 01:26;R;22;18;WAHR;FALSCH;FALSCH;2;1;2
03.03.18 01:27;L;31;17;FALSCH;FALSCH;WAHR;1;1;2
03.03.18 01:29;R;35;18;WAHR;FALSCH;FALSCH;1;2;2
03.03.18 01:30;L;25;16;WAHR;FALSCH;FALSCH;1;1;2
03.03.18 01:32;R;9;17;FALSCH;FALSCH;WAHR;1;3;1
03.03.18 01:34;L;12;17;WAHR;FALSCH;FALSCH;2;3;1
03.03.18 01:35;R;14;18;FALSCH;FALSCH;WAHR;2;2;1
03.03.18 01:36;L;12;17;WAHR;FALSCH;FALSCH;2;3;1
03.03.18 01:37;R;34;17;FALSCH;FALSCH;WAHR;2;1;2
03.03.18 01:38;L;9;16;FALSCH;FALSCH;WAHR;1;3;1
03.03.18 01:39;R;30;17;FALSCH;WAHR;FALSCH;2;3;2
03.03.18 01:40;L;8;17;FALSCH;WAHR;FALSCH;2;2;1
03.03.18 01:42;R;23;17;FALSCH;WAHR;FALSCH;1;2;2
03.03.18 01:43;L;15;17;WAHR;FALSCH;FALSCH;1;3;1
03.03.18 01:44;R;2;17;WAHR;FALSCH;FALSCH;2;2;1
03.03.18 01:46;L;14;14;FALSCH;FALSCH;WAHR;2;2;1
03.03.18 01:47;R;22;16;WAHR;FALSCH;FALSCH;2;1;2
03.03.18 01:48;L;9;17;FALSCH;FALSCH;WAHR;1;3;1
03.03.18 01:49;R;19;17;WAHR;FALSCH;FALSCH;1;1;2
03.03.18 01:50;L;31;16;FALSCH;FALSCH;WAHR;1;1;2
03.03.18 01:52;R;28;16;WAHR;FALSCH;FALSCH;2;1;2
03.03.18 01:53;L;10;16;FALSCH;WAHR;FALSCH;2;1;1
03.03.18 01:54;R;7;15;WAHR;FALSCH;FALSCH;1;1;1
03.03.18 01:55;L;24;14;FALSCH;WAHR;FALSCH;2;3;2
03.03.18 01:56;R;4;16;WAHR;FALSCH;FALSCH;2;1;1
03.03.18 01:57;L;10;16;FALSCH;WAHR;FALSCH;2;1;1
03.03.18 01:57;R;8;17;FALSCH;WAHR;FALSCH;2;2;1
03.03.18 01:58;L;24;15;FALSCH;WAHR;FALSCH;2;3;2
03.03.18 01:59;R;36;16;FALSCH;WAHR;FALSCH;2;3;2
03.03.18 02:00;L;33;18;FALSCH;WAHR;FALSCH;1;3;2
03.03.18 02:01;R;4;16;WAHR;FALSCH;FALSCH;2;1;1
03.03.18 02:01;L;35;15;WAHR;FALSCH;FALSCH;1;2;2
03.03.18 02:02;R;35;17;WAHR;FALSCH;FALSCH;1;2;2
03.03.18 02:03;L;31;15;FALSCH;FALSCH;WAHR;1;1;2
03.03.18 02:04;R;10;16;FALSCH;WAHR;FALSCH;2;1;1
03.03.18 02:04;L;3;16;WAHR;FALSCH;FALSCH;1;3;1
03.03.18 02:05;R;9;14;FALSCH;FALSCH;WAHR;1;3;1
03.03.18 02:06;L;32;15;WAHR;FALSCH;FALSCH;2;2;2
03.03.18 02:07;R;35;16;WAHR;FALSCH;FALSCH;1;2;2
03.03.18 02:08;L;2;17;WAHR;FALSCH;FALSCH;2;2;1
03.03.18 02:10;R;20;15;FALSCH;FALSCH;WAHR;2;2;2
03.03.18 02:11;L;34;17;FALSCH;FALSCH;WAHR;2;1;2
03.03.18 02:13;R;31;16;FALSCH;FALSCH;WAHR;1;1;2
03.03.18 02:15;L;6;15;FALSCH;FALSCH;WAHR;2;3;1
03.03.18 02:16;R;27;15;FALSCH;WAHR;FALSCH;1;3;2
03.03.18 02:18;L;30;16;FALSCH;WAHR;FALSCH;2;3;2
03.03.18 02:20;R;8;17;FALSCH;WAHR;FALSCH;2;2;1
03.03.18 02:22;L;21;16;WAHR;FALSCH;FALSCH;1;3;2
03.03.18 02:23;R;14;16;FALSCH;FALSCH;WAHR;2;2;1
03.03.18 02:24;L;20;14;FALSCH;FALSCH;WAHR;2;2;2
03.03.18 02:26;R;27;15;FALSCH;WAHR;FALSCH;1;3;2
03.03.18 02:27;L;20;16;FALSCH;FALSCH;WAHR;2;2;2
03.03.18 02:29;R;17;14;FALSCH;FALSCH;WAHR;1;2;1
03.03.18 02:29;L;31;15;FALSCH;FALSCH;WAHR;1;1;2
03.03.18 19:00;L;15;18;WAHR;FALSCH;FALSCH;1;3;1
03.03.18 19:03;R;29;17;WAHR;FALSCH;FALSCH;1;2;2
03.03.18 19:05;L;15;17;WAHR;FALSCH;FALSCH;1;3;1
03.03.18 19:06;R;32;16;WAHR;FALSCH;FALSCH;2;2;2
03.03.18 19:07;L;15;17;WAHR;FALSCH;FALSCH;1;3;1
03.03.18 19:08;R;36;16;FALSCH;WAHR;FALSCH;2;3;2
03.03.18 19:10;L;18;18;WAHR;FALSCH;FALSCH;2;3;1
03.03.18 19:11;R;33;16;FALSCH;WAHR;FALSCH;1;3;2
03.03.18 19:13;L;1;16;FALSCH;FALSCH;WAHR;1;1;1
03.03.18 19:14;R;14;17;FALSCH;FALSCH;WAHR;2;2;1
03.03.18 19:15;L;30;17;FALSCH;WAHR;FALSCH;2;3;2
03.03.18 19:17;R;5;17;FALSCH;WAHR;FALSCH;1;2;1
03.03.18 19:19;L;12;18;WAHR;FALSCH;FALSCH;2;3;1
03.03.18 19:20;R;32;18;WAHR;FALSCH;FALSCH;2;2;2
03.03.18 19:23;L;13;18;FALSCH;WAHR;FALSCH;1;1;1
03.03.18 19:25;R;25;18;WAHR;FALSCH;FALSCH;1;1;2
03.03.18 19:26;L;22;19;WAHR;FALSCH;FALSCH;2;1;2
03.03.18 19:28;R;18;18;WAHR;FALSCH;FALSCH;2;3;1
03.03.18 19:30;L;36;18;FALSCH;WAHR;FALSCH;2;3;2
03.03.18 19:32;R;15;18;WAHR;FALSCH;FALSCH;1;3;1
03.03.18 19:34;L;16;18;FALSCH;WAHR;FALSCH;2;1;1
03.03.18 19:35;R;1;16;FALSCH;FALSCH;WAHR;1;1;1
03.03.18 19:37;L;23;18;FALSCH;WAHR;FALSCH;1;2;2
03.03.18 19:38;R;33;17;FALSCH;WAHR;FALSCH;1;3;2
03.03.18 19:40;L;5;18;FALSCH;WAHR;FALSCH;1;2;1
03.03.18 19:42;R;35;17;WAHR;FALSCH;FALSCH;1;2;2
03.03.18 19:43;L;7;20;WAHR;FALSCH;FALSCH;1;1;1
03.03.18 19:45;R;17;17;FALSCH;FALSCH;WAHR;1;2;1
03.03.18 19:46;L;35;17;WAHR;FALSCH;FALSCH;1;2;2
03.03.18 19:48;R;32;16;WAHR;FALSCH;FALSCH;2;2;2
03.03.18 19:49;L;34;17;FALSCH;FALSCH;WAHR;2;1;2
03.03.18 19:50;R;30;15;FALSCH;WAHR;FALSCH;2;3;2
03.03.18 19:52;L;27;16;FALSCH;WAHR;FALSCH;1;3;2
03.03.18 19:53;R;2;17;WAHR;FALSCH;FALSCH;2;2;1
03.03.18 19:54;L;6;17;FALSCH;FALSCH;WAHR;2;3;1
03.03.18 19:56;R;15;16;WAHR;FALSCH;FALSCH;1;3;1
03.03.18 19:57;L;9;17;FALSCH;FALSCH;WAHR;1;3;1
03.03.18 19:58;R;15;17;WAHR;FALSCH;FALSCH;1;3;1
03.03.18 20:00;L;6;18;FALSCH;FALSCH;WAHR;2;3;1
03.03.18 20:02;R;22;15;WAHR;FALSCH;FALSCH;2;1;2
03.03.18 20:03;L;24;16;FALSCH;WAHR;FALSCH;2;3;2
03.03.18 20:05;R;13;15;FALSCH;WAHR;FALSCH;1;1;1
03.03.18 20:06;L;36;16;FALSCH;WAHR;FALSCH;2;3;2
03.03.18 20:07;R;2;16;WAHR;FALSCH;FALSCH;2;2;1
03.03.18 20:09;L;16;16;FALSCH;WAHR;FALSCH;2;1;1
03.03.18 20:10;R;3;16;WAHR;FALSCH;FALSCH;1;3;1
03.03.18 20:12;L;36;17;FALSCH;WAHR;FALSCH;2;3;2
03.03.18 20:13;R;31;17;FALSCH;FALSCH;WAHR;1;1;2
03.03.18 20:14;L;3;17;WAHR;FALSCH;FALSCH;1;3;1
03.03.18 20:16;R;6;18;FALSCH;FALSCH;WAHR;2;3;1
03.03.18 20:18;L;14;16;FALSCH;FALSCH;WAHR;2;2;1
03.03.18 20:20;R;23;18;FALSCH;WAHR;FALSCH;1;2;2
03.03.18 20:21;L;31;17;FALSCH;FALSCH;WAHR;1;1;2
03.03.18 20:23;R;32;17;WAHR;FALSCH;FALSCH;2;2;2
03.03.18 20:25;L;21;17;WAHR;FALSCH;FALSCH;1;3;2
03.03.18 20:27;R;24;17;FALSCH;WAHR;FALSCH;2;3;2
03.03.18 20:29;L;10;18;FALSCH;WAHR;FALSCH;2;1;1
03.03.18 20:30;R;7;17;WAHR;FALSCH;FALSCH;1;1;1
03.03.18 20:32;L;22;19;WAHR;FALSCH;FALSCH;2;1;2
03.03.18 20:34;R;32;18;WAHR;FALSCH;FALSCH;2;2;2
03.03.18 20:36;L;32;20;WAHR;FALSCH;FALSCH;2;2;2
03.03.18 20:38;R;23;17;FALSCH;WAHR;FALSCH;1;2;2
03.03.18 20:40;L;7;18;WAHR;FALSCH;FALSCH;1;1;1
03.03.18 20:42;R;7;17;WAHR;FALSCH;FALSCH;1;1;1
03.03.18 20:44;L;12;18;WAHR;FALSCH;FALSCH;2;3;1
03.03.18 20:46;R;13;17;FALSCH;WAHR;FALSCH;1;1;1
03.03.18 20:47;L;22;18;WAHR;FALSCH;FALSCH;2;1;2
03.03.18 20:50;R;6;16;FALSCH;FALSCH;WAHR;2;3;1
03.03.18 20:51;L;19;17;WAHR;FALSCH;FALSCH;1;1;2
03.03.18 20:53;R;24;19;FALSCH;WAHR;FALSCH;2;3;2
03.03.18 20:54;L;0;18;WAHR;FALSCH;FALSCH;0;0;0
03.03.18 20:57;R;4;16;WAHR;FALSCH;FALSCH;2;1;1
03.03.18 20:59;L;13;19;FALSCH;WAHR;FALSCH;1;1;1
03.03.18 21:00;R;28;18;WAHR;FALSCH;FALSCH;2;1;2
03.03.18 21:02;L;8;19;FALSCH;WAHR;FALSCH;2;2;1
03.03.18 21:05;R;28;19;WAHR;FALSCH;FALSCH;2;1;2
03.03.18 21:07;L;3;17;WAHR;FALSCH;FALSCH;1;3;1
03.03.18 21:09;R;4;17;WAHR;FALSCH;FALSCH;2;1;1
03.03.18 21:11;L;30;18;FALSCH;WAHR;FALSCH;2;3;2
03.03.18 21:13;R;31;18;FALSCH;FALSCH;WAHR;1;1;2
03.03.18 21:16;L;8;17;FALSCH;WAHR;FALSCH;2;2;1
03.03.18 21:18;R;33;18;FALSCH;WAHR;FALSCH;1;3;2
03.03.18 21:20;L;8;17;FALSCH;WAHR;FALSCH;2;2;1
03.03.18 21:24;R;19;18;WAHR;FALSCH;FALSCH;1;1;2
03.03.18 21:26;L;15;19;WAHR;FALSCH;FALSCH;1;3;1
03.03.18 21:28;R;12;18;WAHR;FALSCH;FALSCH;2;3;1
03.03.18 21:29;L;3;18;WAHR;FALSCH;FALSCH;1;3;1
03.03.18 21:31;R;3;21;WAHR;FALSCH;FALSCH;1;3;1
03.03.18 21:34;L;32;19;WAHR;FALSCH;FALSCH;2;2;2
03.03.18 21:36;R;24;19;FALSCH;WAHR;FALSCH;2;3;2
03.03.18 21:38;L;5;18;FALSCH;WAHR;FALSCH;1;2;1
03.03.18 21:40;R;18;19;WAHR;FALSCH;FALSCH;2;3;1
03.03.18 21:41;L;23;18;FALSCH;WAHR;FALSCH;1;2;2
03.03.18 21:42;R;15;16;WAHR;FALSCH;FALSCH;1;3;1
03.03.18 21:44;L;16;18;FALSCH;WAHR;FALSCH;2;1;1
03.03.18 21:46;R;31;17;FALSCH;FALSCH;WAHR;1;1;2
03.03.18 21:48;L;18;18;WAHR;FALSCH;FALSCH;2;3;1
03.03.18 21:50;R;12;18;WAHR;FALSCH;FALSCH;2;3;1
03.03.18 21:51;L;22;17;WAHR;FALSCH;FALSCH;2;1;2
03.03.18 21:53;R;17;18;FALSCH;FALSCH;WAHR;1;2;1
03.03.18 21:54;L;12;16;WAHR;FALSCH;FALSCH;2;3;1
03.03.18 21:56;R;36;18;FALSCH;WAHR;FALSCH;2;3;2
03.03.18 21:58;L;4;17;WAHR;FALSCH;FALSCH;2;1;1
03.03.18 22:00;R;9;18;FALSCH;FALSCH;WAHR;1;3;1
03.03.18 22:02;L;10;20;FALSCH;WAHR;FALSCH;2;1;1
03.03.18 22:04;R;1;18;FALSCH;FALSCH;WAHR;1;1;1
03.03.18 22:08;L;16;18;FALSCH;WAHR;FALSCH;2;1;1
03.03.18 22:10;R;34;18;FALSCH;FALSCH;WAHR;2;1;2
03.03.18 22:12;L;4;20;WAHR;FALSCH;FALSCH;2;1;1
03.03.18 22:14;R;35;17;WAHR;FALSCH;FALSCH;1;2;2
03.03.18 22:16;L;30;19;FALSCH;WAHR;FALSCH;2;3;2
03.03.18 22:17;R;24;19;FALSCH;WAHR;FALSCH;2;3;2
03.03.18 22:20;L;1;19;FALSCH;FALSCH;WAHR;1;1;1
03.03.18 22:22;R;2;18;WAHR;FALSCH;FALSCH;2;2;1
03.03.18 22:24;L;4;19;WAHR;FALSCH;FALSCH;2;1;1
03.03.18 22:27;R;17;19;FALSCH;FALSCH;WAHR;1;2;1
03.03.18 22:28;L;24;19;FALSCH;WAHR;FALSCH;2;3;2
03.03.18 22:30;R;30;19;FALSCH;WAHR;FALSCH;2;3;2
03.03.18 22:32;L;12;18;WAHR;FALSCH;FALSCH;2;3;1
03.03.18 22:34;R;4;18;WAHR;FALSCH;FALSCH;2;1;1
03.03.18 22:37;L;7;18;WAHR;FALSCH;FALSCH;1;1;1
03.03.18 22:39;R;19;18;WAHR;FALSCH;FALSCH;1;1;2
03.03.18 22:40;L;20;18;FALSCH;FALSCH;WAHR;2;2;2
03.03.18 22:43;R;27;18;FALSCH;WAHR;FALSCH;1;3;2
03.03.18 22:45;L;18;18;WAHR;FALSCH;FALSCH;2;3;1
03.03.18 22:47;R;13;18;FALSCH;WAHR;FALSCH;1;1;1
03.03.18 22:48;L;18;19;WAHR;FALSCH;FALSCH;2;3;1
03.03.18 22:50;R;23;18;FALSCH;WAHR;FALSCH;1;2;2
03.03.18 22:52;L;32;18;WAHR;FALSCH;FALSCH;2;2;2
03.03.18 22:55;R;35;18;WAHR;FALSCH;FALSCH;1;2;2
03.03.18 22:57;L;34;18;FALSCH;FALSCH;WAHR;2;1;2
03.03.18 22:59;R;0;18;WAHR;FALSCH;FALSCH;0;0;0
03.03.18 23:02;L;27;18;FALSCH;WAHR;FALSCH;1;3;2
03.03.18 23:04;R;18;16;WAHR;FALSCH;FALSCH;2;3;1
03.03.18 23:06;L;10;18;FALSCH;WAHR;FALSCH;2;1;1
03.03.18 23:08;R;9;18;FALSCH;FALSCH;WAHR;1;3;1
03.03.18 23:10;L;25;20;WAHR;FALSCH;FALSCH;1;1;2
03.03.18 23:12;R;1;17;FALSCH;FALSCH;WAHR;1;1;1
03.03.18 23:14;L;5;18;FALSCH;WAHR;FALSCH;1;2;1
03.03.18 23:16;R;26;18;WAHR;FALSCH;FALSCH;2;2;2
03.03.18 23:18;L;25;17;WAHR;FALSCH;FALSCH;1;1;2
03.03.18 23:21;R;6;18;FALSCH;FALSCH;WAHR;2;3;1
03.03.18 23:22;L;4;18;WAHR;FALSCH;FALSCH;2;1;1
03.03.18 23:24;R;22;16;WAHR;FALSCH;FALSCH;2;1;2
03.03.18 23:26;L;27;17;FALSCH;WAHR;FALSCH;1;3;2
03.03.18 23:28;R;31;16;FALSCH;FALSCH;WAHR;1;1;2
03.03.18 23:30;L;22;17;WAHR;FALSCH;FALSCH;2;1;2
03.03.18 23:31;R;1;17;FALSCH;FALSCH;WAHR;1;1;1
03.03.18 23:33;L;7;18;WAHR;FALSCH;FALSCH;1;1;1
03.03.18 23:34;R;1;17;FALSCH;FALSCH;WAHR;1;1;1
03.03.18 23:36;L;5;17;FALSCH;WAHR;FALSCH;1;2;1
03.03.18 23:37;R;5;17;FALSCH;WAHR;FALSCH;1;2;1
03.03.18 23:40;L;19;17;WAHR;FALSCH;FALSCH;1;1;2
03.03.18 23:41;R;20;18;FALSCH;FALSCH;WAHR;2;2;2
03.03.18 23:43;L;29;18;WAHR;FALSCH;FALSCH;1;2;2
03.03.18 23:44;R;26;16;WAHR;FALSCH;FALSCH;2;2;2
03.03.18 23:46;L;25;17;WAHR;FALSCH;FALSCH;1;1;2
03.03.18 23:47;R;0;18;WAHR;FALSCH;FALSCH;0;0;0
03.03.18 23:48;L;5;18;FALSCH;WAHR;FALSCH;1;2;1
03.03.18 23:51;R;4;18;WAHR;FALSCH;FALSCH;2;1;1
03.03.18 23:52;L;22;18;WAHR;FALSCH;FALSCH;2;1;2
03.03.18 23:53;R;15;17;WAHR;FALSCH;FALSCH;1;3;1
03.03.18 23:55;L;28;18;WAHR;FALSCH;FALSCH;2;1;2
03.03.18 23:56;R;27;18;FALSCH;WAHR;FALSCH;1;3;2
03.03.18 23:58;L;26;19;WAHR;FALSCH;FALSCH;2;2;2
03.03.18 23:59;R;9;17;FALSCH;FALSCH;WAHR;1;3;1
04.03.18 00:01;L;21;16;WAHR;FALSCH;FALSCH;1;3;2
04.03.18 00:03;R;33;18;FALSCH;WAHR;FALSCH;1;3;2
04.03.18 00:04;L;6;18;FALSCH;FALSCH;WAHR;2;3;1
04.03.18 00:05;R;3;17;WAHR;FALSCH;FALSCH;1;3;1
04.03.18 00:06;L;11;17;FALSCH;WAHR;FALSCH;1;2;1
04.03.18 00:08;R;9;19;FALSCH;FALSCH;WAHR;1;3;1
04.03.18 00:10;L;36;17;FALSCH;WAHR;FALSCH;2;3;2
04.03.18 00:11;R;18;18;WAHR;FALSCH;FALSCH;2;3;1
04.03.18 00:12;L;30;16;FALSCH;WAHR;FALSCH;2;3;2
04.03.18 00:14;R;32;17;WAHR;FALSCH;FALSCH;2;2;2
04.03.18 00:15;L;33;18;FALSCH;WAHR;FALSCH;1;3;2
04.03.18 00:16;R;28;18;WAHR;FALSCH;FALSCH;2;1;2
04.03.18 00:18;L;3;18;WAHR;FALSCH;FALSCH;1;3;1
04.03.18 00:19;R;31;18;FALSCH;FALSCH;WAHR;1;1;2
04.03.18 00:20;L;26;17;WAHR;FALSCH;FALSCH;2;2;2
04.03.18 00:23;R;13;17;FALSCH;WAHR;FALSCH;1;1;1
04.03.18 00:24;L;17;18;FALSCH;FALSCH;WAHR;1;2;1
04.03.18 00:25;R;5;16;FALSCH;WAHR;FALSCH;1;2;1
04.03.18 00:26;L;34;18;FALSCH;FALSCH;WAHR;2;1;2
04.03.18 00:28;R;19;17;WAHR;FALSCH;FALSCH;1;1;2
04.03.18 00:29;L;15;18;WAHR;FALSCH;FALSCH;1;3;1
04.03.18 00:30;R;29;16;WAHR;FALSCH;FALSCH;1;2;2
04.03.18 00:32;L;19;18;WAHR;FALSCH;FALSCH;1;1;2
04.03.18 00:33;R;4;17;WAHR;FALSCH;FALSCH;2;1;1
04.03.18 00:34;L;16;16;FALSCH;WAHR;FALSCH;2;1;1
04.03.18 00:36;R;0;18;WAHR;FALSCH;FALSCH;0;0;0
04.03.18 00:38;L;28;18;WAHR;FALSCH;FALSCH;2;1;2
04.03.18 00:40;R;10;17;FALSCH;WAHR;FALSCH;2;1;1
04.03.18 00:42;L;32;16;WAHR;FALSCH;FALSCH;2;2;2
04.03.18 00:44;R;20;18;FALSCH;FALSCH;WAHR;2;2;2
04.03.18 00:46;L;28;15;WAHR;FALSCH;FALSCH;2;1;2
04.03.18 00:47;R;19;16;WAHR;FALSCH;FALSCH;1;1;2
04.03.18 00:48;L;14;18;FALSCH;FALSCH;WAHR;2;2;1
04.03.18 00:49;R;1;17;FALSCH;FALSCH;WAHR;1;1;1
04.03.18 00:50;L;24;16;FALSCH;WAHR;FALSCH;2;3;2
04.03.18 00:52;R;6;16;FALSCH;FALSCH;WAHR;2;3;1
04.03.18 00:53;L;34;16;FALSCH;FALSCH;WAHR;2;1;2
04.03.18 00:54;R;16;16;FALSCH;WAHR;FALSCH;2;1;1
04.03.18 00:55;L;33;17;FALSCH;WAHR;FALSCH;1;3;2
04.03.18 00:56;R;11;16;FALSCH;WAHR;FALSCH;1;2;1
04.03.18 00:57;L;11;17;FALSCH;WAHR;FALSCH;1;2;1
04.03.18 00:58;R;1;16;FALSCH;FALSCH;WAHR;1;1;1
04.03.18 00:59;L;7;17;WAHR;FALSCH;FALSCH;1;1;1
04.03.18 01:01;R;18;17;WAHR;FALSCH;FALSCH;2;3;1
04.03.18 01:02;L;2;18;WAHR;FALSCH;FALSCH;2;2;1
04.03.18 01:03;R;33;17;FALSCH;WAHR;FALSCH;1;3;2
04.03.18 01:05;L;19;18;WAHR;FALSCH;FALSCH;1;1;2
04.03.18 01:06;R;21;17;WAHR;FALSCH;FALSCH;1;3;2
04.03.18 01:07;L;19;18;WAHR;FALSCH;FALSCH;1;1;2
04.03.18 01:09;R;23;16;FALSCH;WAHR;FALSCH;1;2;2
04.03.18 01:10;L;30;18;FALSCH;WAHR;FALSCH;2;3;2
04.03.18 01:12;R;25;18;WAHR;FALSCH;FALSCH;1;1;2
04.03.18 01:13;L;29;19;WAHR;FALSCH;FALSCH;1;2;2
04.03.18 01:15;R;10;18;FALSCH;WAHR;FALSCH;2;1;1
04.03.18 01:16;L;10;18;FALSCH;WAHR;FALSCH;2;1;1
04.03.18 01:18;R;22;16;WAHR;FALSCH;FALSCH;2;1;2
04.03.18 01:19;L;29;18;WAHR;FALSCH;FALSCH;1;2;2
04.03.18 01:21;R;30;17;FALSCH;WAHR;FALSCH;2;3;2
04.03.18 01:22;L;6;18;FALSCH;FALSCH;WAHR;2;3;1
04.03.18 01:24;R;28;18;WAHR;FALSCH;FALSCH;2;1;2
04.03.18 01:26;L;31;17;FALSCH;FALSCH;WAHR;1;1;2
04.03.18 01:27;R;19;18;WAHR;FALSCH;FALSCH;1;1;2
04.03.18 01:29;L;4;18;WAHR;FALSCH;FALSCH;2;1;1
04.03.18 01:30;R;20;16;FALSCH;FALSCH;WAHR;2;2;2
04.03.18 01:32;L;3;18;WAHR;FALSCH;FALSCH;1;3;1
04.03.18 01:33;R;20;16;FALSCH;FALSCH;WAHR;2;2;2
04.03.18 01:35;L;12;17;WAHR;FALSCH;FALSCH;2;3;1
04.03.18 01:36;R;10;16;FALSCH;WAHR;FALSCH;2;1;1
04.03.18 01:37;L;17;18;FALSCH;FALSCH;WAHR;1;2;1
04.03.18 01:39;R;16;17;FALSCH;WAHR;FALSCH;2;1;1
04.03.18 01:40;L;23;17;FALSCH;WAHR;FALSCH;1;2;2
04.03.18 01:42;R;35;18;WAHR;FALSCH;FALSCH;1;2;2
04.03.18 01:43;L;2;19;WAHR;FALSCH;FALSCH;2;2;1
04.03.18 01:44;R;18;17;WAHR;FALSCH;FALSCH;2;3;1
04.03.18 01:46;L;9;17;FALSCH;FALSCH;WAHR;1;3;1
04.03.18 01:47;R;26;17;WAHR;FALSCH;FALSCH;2;2;2
04.03.18 01:48;L;1;18;FALSCH;FALSCH;WAHR;1;1;1
04.03.18 01:50;R;22;18;WAHR;FALSCH;FALSCH;2;1;2
04.03.18 01:51;L;0;18;WAHR;FALSCH;FALSCH;0;0;0
04.03.18 01:53;R;15;16;WAHR;FALSCH;FALSCH;1;3;1
04.03.18 01:55;L;1;18;FALSCH;FALSCH;WAHR;1;1;1
04.03.18 01:56;R;23;17;FALSCH;WAHR;FALSCH;1;2;2
04.03.18 01:58;L;4;18;WAHR;FALSCH;FALSCH;2;1;1
04.03.18 02:00;R;21;18;WAHR;FALSCH;FALSCH;1;3;2
04.03.18 02:01;L;10;18;FALSCH;WAHR;FALSCH;2;1;1
04.03.18 02:03;R;11;18;FALSCH;WAHR;FALSCH;1;2;1
04.03.18 02:04;L;15;17;WAHR;FALSCH;FALSCH;1;3;1
04.03.18 19:04;L;24;17;FALSCH;WAHR;FALSCH;2;3;2
04.03.18 19:06;R;0;18;WAHR;FALSCH;FALSCH;0;0;0
04.03.18 19:08;L;11;18;FALSCH;WAHR;FALSCH;1;2;1
04.03.18 19:10;R;11;17;FALSCH;WAHR;FALSCH;1;2;1
04.03.18 19:11;L;9;19;FALSCH;FALSCH;WAHR;1;3;1
04.03.18 19:13;R;9;18;FALSCH;FALSCH;WAHR;1;3;1
04.03.18 19:14;L;12;17;WAHR;FALSCH;FALSCH;2;3;1
04.03.18 19:15;R;24;17;FALSCH;WAHR;FALSCH;2;3;2
04.03.18 19:16;L;31;15;FALSCH;FALSCH;WAHR;1;1;2
04.03.18 19:18;R;27;16;FALSCH;WAHR;FALSCH;1;3;2
04.03.18 19:19;L;13;16;FALSCH;WAHR;FALSCH;1;1;1
04.03.18 19:20;R;16;15;FALSCH;WAHR;FALSCH;2;1;1
04.03.18 19:21;L;9;16;FALSCH;FALSCH;WAHR;1;3;1
04.03.18 19:22;R;5;15;FALSCH;WAHR;FALSCH;1;2;1
04.03.18 19:23;L;33;15;FALSCH;WAHR;FALSCH;1;3;2
04.03.18 19:24;R;27;16;FALSCH;WAHR;FALSCH;1;3;2
04.03.18 19:25;L;13;15;FALSCH;WAHR;FALSCH;1;1;1
04.03.18 19:26;R;22;16;WAHR;FALSCH;FALSCH;2;1;2
04.03.18 19:27;L;28;15;WAHR;FALSCH;FALSCH;2;1;2
04.03.18 19:28;R;16;16;FALSCH;WAHR;FALSCH;2;1;1
04.03.18 19:30;L;6;16;FALSCH;FALSCH;WAHR;2;3;1
04.03.18 19:31;R;24;15;FALSCH;WAHR;FALSCH;2;3;2
04.03.18 19:32;L;14;16;FALSCH;FALSCH;WAHR;2;2;1
04.03.18 19:33;R;13;15;FALSCH;WAHR;FALSCH;1;1;1
04.03.18 19:34;L;18;16;WAHR;FALSCH;FALSCH;2;3;1
04.03.18 19:35;R;18;14;WAHR;FALSCH;FALSCH;2;3;1
04.03.18 19:37;L;6;15;FALSCH;FALSCH;WAHR;2;3;1
04.03.18 19:38;R;35;15;WAHR;FALSCH;FALSCH;1;2;2
04.03.18 19:40;L;33;15;FALSCH;WAHR;FALSCH;1;3;2
04.03.18 19:41;R;31;14;FALSCH;FALSCH;WAHR;1;1;2
04.03.18 19:42;L;34;15;FALSCH;FALSCH;WAHR;2;1;2
04.03.18 19:43;R;11;16;FALSCH;WAHR;FALSCH;1;2;1
04.03.18 19:44;L;10;16;FALSCH;WAHR;FALSCH;2;1;1
04.03.18 19:45;R;4;16;WAHR;FALSCH;FALSCH;2;1;1
04.03.18 19:46;L;10;16;FALSCH;WAHR;FALSCH;2;1;1
04.03.18 19:47;R;16;14;FALSCH;WAHR;FALSCH;2;1;1
04.03.18 19:48;L;13;15;FALSCH;WAHR;FALSCH;1;1;1
04.03.18 19:50;R;24;15;FALSCH;WAHR;FALSCH;2;3;2
04.03.18 19:51;L;3;16;WAHR;FALSCH;FALSCH;1;3;1
04.03.18 19:52;R;3;16;WAHR;FALSCH;FALSCH;1;3;1
04.03.18 19:53;L;5;16;FALSCH;WAHR;FALSCH;1;2;1
04.03.18 19:55;R;11;15;FALSCH;WAHR;FALSCH;1;2;1
04.03.18 19:56;L;16;15;FALSCH;WAHR;FALSCH;2;1;1
04.03.18 19:57;R;19;15;WAHR;FALSCH;FALSCH;1;1;2
04.03.18 19:58;L;29;16;WAHR;FALSCH;FALSCH;1;2;2
04.03.18 19:59;R;28;15;WAHR;FALSCH;FALSCH;2;1;2
04.03.18 20:01;L;34;16;FALSCH;FALSCH;WAHR;2;1;2
04.03.18 20:02;R;23;15;FALSCH;WAHR;FALSCH;1;2;2
04.03.18 20:03;L;26;15;WAHR;FALSCH;FALSCH;2;2;2
04.03.18 20:04;R;30;15;FALSCH;WAHR;FALSCH;2;3;2
04.03.18 20:05;L;10;16;FALSCH;WAHR;FALSCH;2;1;1
04.03.18 20:06;R;22;15;WAHR;FALSCH;FALSCH;2;1;2
04.03.18 20:07;L;22;16;WAHR;FALSCH;FALSCH;2;1;2
04.03.18 20:08;R;25;15;WAHR;FALSCH;FALSCH;1;1;2
04.03.18 20:09;L;8;16;FALSCH;WAHR;FALSCH;2;2;1
04.03.18 20:11;R;1;14;FALSCH;FALSCH;WAHR;1;1;1
04.03.18 20:12;L;15;16;WAHR;FALSCH;FALSCH;1;3;1
04.03.18 20:13;R;36;15;FALSCH;WAHR;FALSCH;2;3;2
04.03.18 20:14;L;3;16;WAHR;FALSCH;FALSCH;1;3;1
04.03.18 20:15;R;11;17;FALSCH;WAHR;FALSCH;1;2;1
04.03.18 20:17;L;13;17;FALSCH;WAHR;FALSCH;1;1;1
04.03.18 20:18;R;9;18;FALSCH;FALSCH;WAHR;1;3;1
04.03.18 20:19;L;0;19;WAHR;FALSCH;FALSCH;0;0;0
04.03.18 20:21;R;3;18;WAHR;FALSCH;FALSCH;1;3;1
04.03.18 20:22;L;36;17;FALSCH;WAHR;FALSCH;2;3;2
04.03.18 20:24;R;11;17;FALSCH;WAHR;FALSCH;1;2;1
04.03.18 20:25;L;34;16;FALSCH;FALSCH;WAHR;2;1;2
04.03.18 20:27;R;4;17;WAHR;FALSCH;FALSCH;2;1;1
04.03.18 20:28;L;27;18;FALSCH;WAHR;FALSCH;1;3;2
04.03.18 20:32;R;18;16;WAHR;FALSCH;FALSCH;2;3;1
04.03.18 20:33;L;25;16;WAHR;FALSCH;FALSCH;1;1;2
04.03.18 20:34;R;32;16;WAHR;FALSCH;FALSCH;2;2;2
04.03.18 20:36;L;35;16;WAHR;FALSCH;FALSCH;1;2;2
04.03.18 20:37;R;26;16;WAHR;FALSCH;FALSCH;2;2;2
04.03.18 20:38;L;36;16;FALSCH;WAHR;FALSCH;2;3;2
04.03.18 20:40;R;12;15;WAHR;FALSCH;FALSCH;2;3;1
04.03.18 20:43;L;19;16;WAHR;FALSCH;FALSCH;1;1;2
04.03.18 20:45;R;30;16;FALSCH;WAHR;FALSCH;2;3;2
04.03.18 20:47;L;12;16;WAHR;FALSCH;FALSCH;2;3;1
04.03.18 20:48;R;18;16;WAHR;FALSCH;FALSCH;2;3;1
04.03.18 20:49;L;26;16;WAHR;FALSCH;FALSCH;2;2;2
04.03.18 20:51;R;2;15;WAHR;FALSCH;FALSCH;2;2;1
04.03.18 20:52;L;0;15;WAHR;FALSCH;FALSCH;0;0;0
04.03.18 20:53;R;0;14;WAHR;FALSCH;FALSCH;0;0;0
04.03.18 20:55;L;4;15;WAHR;FALSCH;FALSCH;2;1;1
04.03.18 20:56;R;22;15;WAHR;FALSCH;FALSCH;2;1;2
04.03.18 20:58;L;5;16;FALSCH;WAHR;FALSCH;1;2;1
04.03.18 21:00;R;9;14;FALSCH;FALSCH;WAHR;1;3;1
04.03.18 21:01;L;23;15;FALSCH;WAHR;FALSCH;1;2;2
04.03.18 21:02;R;15;14;WAHR;FALSCH;FALSCH;1;3;1
04.03.18 21:03;L;36;17;FALSCH;WAHR;FALSCH;2;3;2
04.03.18 21:04;R;16;16;FALSCH;WAHR;FALSCH;2;1;1
04.03.18 21:06;L;22;16;WAHR;FALSCH;FALSCH;2;1;2
04.03.18 21:07;R;19;14;WAHR;FALSCH;FALSCH;1;1;2
04.03.18 21:08;L;7;15;WAHR;FALSCH;FALSCH;1;1;1
04.03.18 21:10;R;32;15;WAHR;FALSCH;FALSCH;2;2;2
04.03.18 21:11;L;24;17;FALSCH;WAHR;FALSCH;2;3;2
04.03.18 21:12;R;13;15;FALSCH;WAHR;FALSCH;1;1;1
04.03.18 21:14;L;34;15;FALSCH;FALSCH;WAHR;2;1;2
04.03.18 21:15;R;17;14;FALSCH;FALSCH;WAHR;1;2;1
04.03.18 21:18;R;7;16;WAHR;FALSCH;FALSCH;1;1;1
04.03.18 21:19;L;26;18;WAHR;FALSCH;FALSCH;2;2;2
04.03.18 21:21;R;0;17;WAHR;FALSCH;FALSCH;0;0;0
04.03.18 21:23;L;32;19;WAHR;FALSCH;FALSCH;2;2;2
04.03.18 21:25;R;6;16;FALSCH;FALSCH;WAHR;2;3;1
04.03.18 21:27;L;27;19;FALSCH;WAHR;FALSCH;1;3;2
04.03.18 21:29;R;33;18;FALSCH;WAHR;FALSCH;1;3;2
04.03.18 21:30;L;24;17;FALSCH;WAHR;FALSCH;2;3;2
04.03.18 21:32;R;16;15;FALSCH;WAHR;FALSCH;2;1;1
04.03.18 21:34;L;26;16;WAHR;FALSCH;FALSCH;2;2;2
04.03.18 21:35;R;15;16;WAHR;FALSCH;FALSCH;1;3;1
04.03.18 21:36;L;35;15;WAHR;FALSCH;FALSCH;1;2;2
04.03.18 21:37;R;5;16;FALSCH;WAHR;FALSCH;1;2;1
04.03.18 21:38;L;32;15;WAHR;FALSCH;FALSCH;2;2;2
04.03.18 21:39;R;17;15;FALSCH;FALSCH;WAHR;1;2;1
04.03.18 21:41;L;34;15;FALSCH;FALSCH;WAHR;2;1;2
04.03.18 21:42;R;31;15;FALSCH;FALSCH;WAHR;1;1;2
04.03.18 21:43;L;6;15;FALSCH;FALSCH;WAHR;2;3;1
04.03.18 21:44;R;24;16;FALSCH;WAHR;FALSCH;2;3;2
04.03.18 21:46;L;35;16;WAHR;FALSCH;FALSCH;1;2;2
04.03.18 21:47;R;25;16;WAHR;FALSCH;FALSCH;1;1;2
04.03.18 21:49;L;22;16;WAHR;FALSCH;FALSCH;2;1;2
04.03.18 21:50;R;25;14;WAHR;FALSCH;FALSCH;1;1;2
04.03.18 21:51;L;29;14;WAHR;FALSCH;FALSCH;1;2;2
04.03.18 21:52;R;33;15;FALSCH;WAHR;FALSCH;1;3;2
04.03.18 21:53;L;32;16;WAHR;FALSCH;FALSCH;2;2;2
04.03.18 21:54;R;2;16;WAHR;FALSCH;FALSCH;2;2;1
04.03.18 21:56;L;3;16;WAHR;FALSCH;FALSCH;1;3;1
04.03.18 21:57;R;24;15;FALSCH;WAHR;FALSCH;2;3;2
04.03.18 21:58;L;35;16;WAHR;FALSCH;FALSCH;1;2;2
04.03.18 22:00;R;3;15;WAHR;FALSCH;FALSCH;1;3;1
04.03.18 22:02;L;36;17;FALSCH;WAHR;FALSCH;2;3;2
04.03.18 22:03;R;24;14;FALSCH;WAHR;FALSCH;2;3;2
04.03.18 22:04;L;28;15;WAHR;FALSCH;FALSCH;2;1;2
04.03.18 22:06;R;25;14;WAHR;FALSCH;FALSCH;1;1;2
04.03.18 22:07;L;17;15;FALSCH;FALSCH;WAHR;1;2;1
04.03.18 22:08;R;3;14;WAHR;FALSCH;FALSCH;1;3;1
04.03.18 22:09;L;11;15;FALSCH;WAHR;FALSCH;1;2;1
04.03.18 22:10;R;18;16;WAHR;FALSCH;FALSCH;2;3;1
04.03.18 22:12;L;19;16;WAHR;FALSCH;FALSCH;1;1;2
04.03.18 22:13;R;36;15;FALSCH;WAHR;FALSCH;2;3;2
04.03.18 22:14;L;4;15;WAHR;FALSCH;FALSCH;2;1;1
04.03.18 22:15;R;35;15;WAHR;FALSCH;FALSCH;1;2;2
04.03.18 22:17;L;0;15;WAHR;FALSCH;FALSCH;0;0;0
04.03.18 22:18;R;7;14;WAHR;FALSCH;FALSCH;1;1;1
04.03.18 22:19;L;36;16;FALSCH;WAHR;FALSCH;2;3;2
04.03.18 22:21;R;35;16;WAHR;FALSCH;FALSCH;1;2;2
04.03.18 22:23;L;19;15;WAHR;FALSCH;FALSCH;1;1;2
04.03.18 22:24;R;28;14;WAHR;FALSCH;FALSCH;2;1;2
04.03.18 22:25;L;36;16;FALSCH;WAHR;FALSCH;2;3;2
04.03.18 22:27;R;31;15;FALSCH;FALSCH;WAHR;1;1;2
04.03.18 22:28;L;36;15;FALSCH;WAHR;FALSCH;2;3;2
04.03.18 22:31;R;5;15;FALSCH;WAHR;FALSCH;1;2;1
04.03.18 22:34;L;30;18;FALSCH;WAHR;FALSCH;2;3;2
04.03.18 22:36;R;34;18;FALSCH;FALSCH;WAHR;2;1;2
04.03.18 22:38;L;30;18;FALSCH;WAHR;FALSCH;2;3;2
04.03.18 22:39;R;24;17;FALSCH;WAHR;FALSCH;2;3;2
04.03.18 22:40;L;21;18;WAHR;FALSCH;FALSCH;1;3;2
04.03.18 22:42;R;27;18;FALSCH;WAHR;FALSCH;1;3;2
04.03.18 22:43;L;25;18;WAHR;FALSCH;FALSCH;1;1;2
04.03.18 22:45;R;13;16;FALSCH;WAHR;FALSCH;1;1;1
04.03.18 22:47;L;11;15;FALSCH;WAHR;FALSCH;1;2;1
04.03.18 22:48;R;28;15;WAHR;FALSCH;FALSCH;2;1;2
04.03.18 22:50;L;19;16;WAHR;FALSCH;FALSCH;1;1;2
04.03.18 22:52;R;34;14;FALSCH;FALSCH;WAHR;2;1;2
04.03.18 22:54;L;25;15;WAHR;FALSCH;FALSCH;1;1;2
04.03.18 22:56;R;6;14;FALSCH;FALSCH;WAHR;2;3;1
04.03.18 22:58;L;17;15;FALSCH;FALSCH;WAHR;1;2;1
04.03.18 23:02;R;13;16;FALSCH;WAHR;FALSCH;1;1;1
04.03.18 23:06;L;1;17;FALSCH;FALSCH;WAHR;1;1;1
04.03.18 23:08;R;15;16;WAHR;FALSCH;FALSCH;1;3;1
04.03.18 23:10;L;11;19;FALSCH;WAHR;FALSCH;1;2;1
04.03.18 23:11;R;32;18;WAHR;FALSCH;FALSCH;2;2;2
04.03.18 23:13;L;34;18;FALSCH;FALSCH;WAHR;2;1;2
04.03.18 23:15;R;18;18;WAHR;FALSCH;FALSCH;2;3;1
04.03.18 23:17;L;18;14;WAHR;FALSCH;FALSCH;2;3;1
04.03.18 23:18;R;12;16;WAHR;FALSCH;FALSCH;2;3;1
04.03.18 23:19;L;9;17;FALSCH;FALSCH;WAHR;1;3;1
04.03.18 23:22;R;12;18;WAHR;FALSCH;FALSCH;2;3;1
04.03.18 23:23;L;16;20;FALSCH;WAHR;FALSCH;2;1;1
04.03.18 23:24;R;21;18;WAHR;FALSCH;FALSCH;1;3;2
04.03.18 23:26;L;27;17;FALSCH;WAHR;FALSCH;1;3;2
04.03.18 23:28;R;36;17;FALSCH;WAHR;FALSCH;2;3;2
04.03.18 23:30;L;1;18;FALSCH;FALSCH;WAHR;1;1;1
04.03.18 23:32;R;26;18;WAHR;FALSCH;FALSCH;2;2;2
04.03.18 23:33;L;29;18;WAHR;FALSCH;FALSCH;1;2;2
04.03.18 23:35;R;34;18;FALSCH;FALSCH;WAHR;2;1;2
04.03.18 23:37;L;22;18;WAHR;FALSCH;FALSCH;2;1;2
04.03.18 23:38;R;15;19;WAHR;FALSCH;FALSCH;1;3;1
04.03.18 23:39;L;18;18;WAHR;FALSCH;FALSCH;2;3;1
04.03.18 23:41;R;5;18;FALSCH;WAHR;FALSCH;1;2;1
04.03.18 23:42;L;16;17;FALSCH;WAHR;FALSCH;2;1;1
04.03.18 23:44;R;27;17;FALSCH;WAHR;FALSCH;1;3;2
04.03.18 23:45;L;18;18;WAHR;FALSCH;FALSCH;2;3;1
04.03.18 23:47;R;20;17;FALSCH;FALSCH;WAHR;2;2;2
04.03.18 23:49;L;4;19;WAHR;FALSCH;FALSCH;2;1;1
04.03.18 23:51;R;23;18;FALSCH;WAHR;FALSCH;1;2;2
04.03.18 23:54;L;26;20;WAHR;FALSCH;FALSCH;2;2;2
04.03.18 23:55;R;11;18;FALSCH;WAHR;FALSCH;1;2;1
04.03.18 23:58;L;34;20;FALSCH;FALSCH;WAHR;2;1;2
05.03.18 00:01;R;2;15;WAHR;FALSCH;FALSCH;2;2;1
05.03.18 00:02;L;6;15;FALSCH;FALSCH;WAHR;2;3;1
05.03.18 00:03;R;26;15;WAHR;FALSCH;FALSCH;2;2;2
05.03.18 00:04;L;8;16;FALSCH;WAHR;FALSCH;2;2;1
05.03.18 00:05;R;25;16;WAHR;FALSCH;FALSCH;1;1;2
05.03.18 00:06;L;4;16;WAHR;FALSCH;FALSCH;2;1;1
05.03.18 00:08;R;23;15;FALSCH;WAHR;FALSCH;1;2;2
05.03.18 00:08;L;6;16;FALSCH;FALSCH;WAHR;2;3;1
05.03.18 00:09;R;9;14;FALSCH;FALSCH;WAHR;1;3;1
05.03.18 00:11;L;5;15;FALSCH;WAHR;FALSCH;1;2;1
05.03.18 00:11;R;32;14;WAHR;FALSCH;FALSCH;2;2;2
05.03.18 00:13;L;9;16;FALSCH;FALSCH;WAHR;1;3;1
05.03.18 00:14;R;30;15;FALSCH;WAHR;FALSCH;2;3;2
05.03.18 00:15;L;19;15;WAHR;FALSCH;FALSCH;1;1;2
05.03.18 00:16;R;9;16;FALSCH;FALSCH;WAHR;1;3;1
05.03.18 00:17;L;18;18;WAHR;FALSCH;FALSCH;2;3;1
05.03.18 00:19;R;13;18;FALSCH;WAHR;FALSCH;1;1;1
05.03.18 00:21;L;31;17;FALSCH;FALSCH;WAHR;1;1;2
05.03.18 00:22;R;2;18;WAHR;FALSCH;FALSCH;2;2;1
05.03.18 00:25;L;19;19;WAHR;FALSCH;FALSCH;1;1;2
05.03.18 00:26;R;33;17;FALSCH;WAHR;FALSCH;1;3;2
05.03.18 00:30;L;19;19;WAHR;FALSCH;FALSCH;1;1;2
05.03.18 00:32;R;0;17;WAHR;FALSCH;FALSCH;0;0;0
05.03.18 00:34;L;14;19;FALSCH;FALSCH;WAHR;2;2;1
05.03.18 00:36;R;4;17;WAHR;FALSCH;FALSCH;2;1;1
05.03.18 00:37;L;17;17;FALSCH;FALSCH;WAHR;1;2;1
05.03.18 00:39;R;2;18;WAHR;FALSCH;FALSCH;2;2;1
05.03.18 00:40;L;27;18;FALSCH;WAHR;FALSCH;1;3;2
05.03.18 00:42;R;35;16;WAHR;FALSCH;FALSCH;1;2;2
05.03.18 00:43;L;27;17;FALSCH;WAHR;FALSCH;1;3;2
05.03.18 00:45;R;7;17;WAHR;FALSCH;FALSCH;1;1;1
05.03.18 00:47;L;22;17;WAHR;FALSCH;FALSCH;2;1;2
05.03.18 00:48;R;20;18;FALSCH;FALSCH;WAHR;2;2;2
05.03.18 00:50;L;28;20;WAHR;FALSCH;FALSCH;2;1;2
05.03.18 00:52;R;32;18;WAHR;FALSCH;FALSCH;2;2;2
05.03.18 00:54;L;4;18;WAHR;FALSCH;FALSCH;2;1;1
05.03.18 00:56;R;6;17;FALSCH;FALSCH;WAHR;2;3;1
05.03.18 00:57;L;12;17;WAHR;FALSCH;FALSCH;2;3;1
05.03.18 00:59;R;6;17;FALSCH;FALSCH;WAHR;2;3;1
05.03.18 01:01;L;32;18;WAHR;FALSCH;FALSCH;2;2;2
05.03.18 01:02;R;13;17;FALSCH;WAHR;FALSCH;1;1;1
05.03.18 01:04;L;25;18;WAHR;FALSCH;FALSCH;1;1;2
05.03.18 01:05;R;33;18;FALSCH;WAHR;FALSCH;1;3;2
05.03.18 01:07;L;20;17;FALSCH;FALSCH;WAHR;2;2;2
05.03.18 01:08;R;12;17;WAHR;FALSCH;FALSCH;2;3;1
05.03.18 01:09;L;22;17;WAHR;FALSCH;FALSCH;2;1;2
05.03.18 01:11;R;33;16;FALSCH;WAHR;FALSCH;1;3;2
05.03.18 01:13;L;14;17;FALSCH;FALSCH;WAHR;2;2;1
05.03.18 01:15;R;0;18;WAHR;FALSCH;FALSCH;0;0;0
05.03.18 01:16;L;5;16;FALSCH;WAHR;FALSCH;1;2;1
05.03.18 01:17;R;16;15;FALSCH;WAHR;FALSCH;2;1;1
05.03.18 01:19;L;22;16;WAHR;FALSCH;FALSCH;2;1;2
05.03.18 01:20;R;15;15;WAHR;FALSCH;FALSCH;1;3;1
05.03.18 01:22;L;23;15;FALSCH;WAHR;FALSCH;1;2;2
05.03.18 01:23;R;19;14;WAHR;FALSCH;FALSCH;1;1;2
05.03.18 01:24;L;30;16;FALSCH;WAHR;FALSCH;2;3;2
05.03.18 01:25;R;5;15;FALSCH;WAHR;FALSCH;1;2;1
05.03.18 01:26;L;30;15;FALSCH;WAHR;FALSCH;2;3;2
05.03.18 01:28;R;36;14;FALSCH;WAHR;FALSCH;2;3;2
05.03.18 01:30;L;9;15;FALSCH;FALSCH;WAHR;1;3;1
05.03.18 01:31;R;20;17;FALSCH;FALSCH;WAHR;2;2;2
05.03.18 01:32;L;17;17;FALSCH;FALSCH;WAHR;1;2;1
05.03.18 01:34;R;6;16;FALSCH;FALSCH;WAHR;2;3;1
05.03.18 01:35;L;30;17;FALSCH;WAHR;FALSCH;2;3;2
05.03.18 01:36;R;10;17;FALSCH;WAHR;FALSCH;2;1;1
05.03.18 01:38;L;23;17;FALSCH;WAHR;FALSCH;1;2;2
05.03.18 01:40;R;6;17;FALSCH;FALSCH;WAHR;2;3;1
05.03.18 01:41;L;12;17;WAHR;FALSCH;FALSCH;2;3;1
05.03.18 01:43;R;17;16;FALSCH;FALSCH;WAHR;1;2;1
05.03.18 01:44;L;7;18;WAHR;FALSCH;FALSCH;1;1;1
05.03.18 01:46;R;0;18;WAHR;FALSCH;FALSCH;0;0;0
05.03.18 01:47;L;11;18;FALSCH;WAHR;FALSCH;1;2;1
05.03.18 01:48;R;8;17;FALSCH;WAHR;FALSCH;2;2;1
05.03.18 01:50;L;25;18;WAHR;FALSCH;FALSCH;1;1;2
05.03.18 01:51;R;17;17;FALSCH;FALSCH;WAHR;1;2;1
05.03.18 01:53;L;11;18;FALSCH;WAHR;FALSCH;1;2;1
05.03.18 01:54;R;5;17;FALSCH;WAHR;FALSCH;1;2;1
05.03.18 01:58;L;34;17;FALSCH;FALSCH;WAHR;2;1;2
05.03.18 02:01;R;11;17;FALSCH;WAHR;FALSCH;1;2;1
05.03.18 02:02;L;1;17;FALSCH;FALSCH;WAHR;1;1;1
05.03.18 02:04;R;9;18;FALSCH;FALSCH;WAHR;1;3;1
05.03.18 02:07;L;2;17;WAHR;FALSCH;FALSCH;2;2;1
05.03.18 02:09;R;20;16;FALSCH;FALSCH;WAHR;2;2;2
05.03.18 02:10;L;9;18;FALSCH;FALSCH;WAHR;1;3;1
05.03.18 02:12;R;10;17;FALSCH;WAHR;FALSCH;2;1;1
05.03.18 02:16;L;9;18;FALSCH;FALSCH;WAHR;1;3;1
05.03.18 02:18;R;30;17;FALSCH;WAHR;FALSCH;2;3;2
05.03.18 02:19;L;11;18;FALSCH;WAHR;FALSCH;1;2;1
05.03.18 02:21;R;5;16;FALSCH;WAHR;FALSCH;1;2;1
05.03.18 02:24;L;18;18;WAHR;FALSCH;FALSCH;2;3;1
05.03.18 02:27;R;30;16;FALSCH;WAHR;FALSCH;2;3;2