Tisch,Zahl,Rot/Schwarz,Hoch/Tief
Tisch 14 - Casino Duisburg,5,Rot,Tief
Tisch 14 - Casino Duisburg,22,Schwarz,Hoch
Tisch 14 - Casino Duisburg,22,Schwarz,Hoch
Tisch 14 - Casino Duisburg,10,Schwarz,Tief
Tisch 14 - Casino Duisburg,21,Rot,Hoch
Tisch 14 - Casino Duisburg,29,Schwarz,Hoch
Tisch 14 - Casino Duisburg,0,Zero,Zero
Tisch 14 - Casino Duisburg,21,Rot,Hoch
Tisch 14 - Casino Duisburg,17,Schwarz,Tief
Tisch 14 - Casino Duisburg,22,Schwarz,Hoch
Tisch 14 - Casino Duisburg,36,Rot,Hoch
Tisch 14 - Casino Duisburg,5,Rot,Tief
Tisch 14 - Casino Duisburg,33,Schwarz,Hoch
Tisch 14 - Casino Duisburg,36,Rot,Hoch
Tisch 14 - Casino Duisburg,32,Rot,Hoch
Tisch 14 - Casino Duisburg,25,Rot,Hoch
Tisch 14 - Casino Duisburg,4,Schwarz,Tief
Tisch 14 - Casino Duisburg,4,Schwarz,Tief
Tisch 14 - Casino Duisburg,4,Schwarz,Tief
Tisch 14 - Casino Duisburg,5,Rot,Tief
Tisch 14 - Casino Duisburg,20,Schwarz,Hoch
Tisch 14 - Casino Duisburg,5,Rot,Tief
Tisch 14 - Casino Duisburg,33,Schwarz,Hoch
Tisch 14 - Casino Duisburg,35,Schwarz,Hoch
Tisch 14 - Casino Duisburg,29,Schwarz,Hoch
Tisch 14 - Casino Duisburg,13,Schwarz,Tief
Tisch 14 - Casino Duisburg,28,Schwarz,Hoch
Tisch 14 - Casino Duisburg,16,Rot,Tief
Tisch 14 - Casino Duisburg,35,Schwarz,Hoch
Tisch 14 - Casino Duisburg,14,Rot,Tief
Tisch 14 - Casino Duisburg,35,Schwarz,Hoch
Tisch 14 - Casino Duisburg,10,Schwarz,Tief
Tisch 14 - Casino Duisburg,2,Schwarz,Tief
Tisch 14 - Casino Duisburg,19,Rot,Hoch
Tisch 14 - Casino Duisburg,12,Rot,Tief
Tisch 14 - Casino Duisburg,14,Rot,Tief
Tisch 14 - Casino Duisburg,7,Rot,Tief
Tisch 14 - Casino Duisburg,0,Zero,Zero
Tisch 14 - Casino Duisburg,8,Schwarz,Tief
Tisch 14 - Casino Duisburg,9,Rot,Tief
Tisch 14 - Casino Duisburg,22,Schwarz,Hoch
Tisch 14 - Casino Duisburg,14,Rot,Tief
Tisch 14 - Casino Duisburg,29,Schwarz,Hoch
Tisch 14 - Casino Duisburg,36,Rot,Hoch
Tisch 14 - Casino Duisburg,24,Schwarz,Hoch
Tisch 14 - Casino Duisburg,19,Rot,Hoch
Tisch 14 - Casino Duisburg,1,Rot,Tief
Tisch 14 - Casino Duisburg,26,Schwarz,Hoch
Tisch 14 - Casino Duisburg,20,Schwarz,Hoch
Tisch 14 - Casino Duisburg,2,Schwarz,Tief
Tisch 14 - Casino Duisburg,24,Schwarz,Hoch
Tisch 14 - Casino Duisburg,35,Schwarz,Hoch
Tisch 14 - Casino Duisburg,13,Schwarz,Tief
Tisch 14 - Casino Duisburg,3,Rot,Tief
Tisch 14 - Casino Duisburg,11,Schwarz,Tief
Tisch 14 - Casino Duisburg,9,Rot,Tief
Tisch 14 - Casino Duisburg,16,Rot,Tief
Tisch 14 - Casino Duisburg,30,Rot,Hoch
Tisch 14 - Casino Duisburg,11,Schwarz,Tief
Tisch 14 - Casino Duisburg,19,Rot,Hoch
Tisch 14 - Casino Duisburg,28,Schwarz,Hoch
Tisch 14 - Casino Duisburg,28,Schwarz,Hoch
Tisch 14 - Casino Duisburg,13,Schwarz,Tief
Tisch 14 - Casino Duisburg,15,Schwarz,Tief
Tisch 14 - Casino Duisburg,23,Rot,Hoch
Tisch 14 - Casino Duisburg,18,Rot,Tief
Tisch 14 - Casino Duisburg,21,Rot,Hoch
Tisch 14 - Casino Duisburg,18,Rot,Tief
Tisch 14 - Casino Duisburg,27,Rot,Hoch
Tisch 14 - Casino Duisburg,36,Rot,Hoch
Tisch 14 - Casino Duisburg,25,Rot,Hoch
Tisch 14 - Casino Duisburg,17,Schwarz,Tief
Tisch 14 - Casino Duisburg,24,Schwarz,Hoch
Tisch 14 - Casino Duisburg,16,Rot,Tief
Tisch 14 - Casino Duisburg,32,Rot,Hoch
Tisch 14 - Casino Duisburg,21,Rot,Hoch
Tisch 14 - Casino Duisburg,35,Schwarz,Hoch
Tisch 14 - Casino Duisburg,19,Rot,Hoch
Tisch 14 - Casino Duisburg,19,Rot,Hoch
Tisch 14 - Casino Duisburg,31,Schwarz,Hoch
Tisch 14 - Casino Duisburg,36,Rot,Hoch
Tisch 14 - Casino Duisburg,16,Rot,Tief
Tisch 14 - Casino Duisburg,15,Schwarz,Tief
Tisch 14 - Casino Duisburg,15,Schwarz,Tief
Tisch 14 - Casino Duisburg,10,Schwarz,Tief
Tisch 14 - Casino Duisburg,25,Rot,Hoch
Tisch 14 - Casino Duisburg,25,Rot,Hoch
Tisch 14 - Casino Duisburg,19,Rot,Hoch
Tisch 14 - Casino Duisburg,8,Schwarz,Tief
Tisch 14 - Casino Duisburg,2,Schwarz,Tief
Tisch 14 - Casino Duisburg,34,Rot,Hoch
Tisch 14 - Casino Duisburg,2,Schwarz,Tief
Tisch 14 - Casino Duisburg,24,Schwarz,Hoch
Tisch 14 - Casino Duisburg,5,Rot,Tief
Tisch 14 - Casino Duisburg,23,Rot,Hoch
Tisch 14 - Casino Duisburg,29,Schwarz,Hoch
Tisch 14 - Casino Duisburg,19,Rot,Hoch
Tisch 14 - Casino Duisburg,14,Rot,Tief
Tisch 14 - Casino Duisburg,28,Schwarz,Hoch
Tisch 14 - Casino Duisburg,11,Schwarz,Tief
Tisch 14 - Casino Duisburg,16,Rot,Tief
Tisch 14 - Casino Duisburg,0,Zero,Zero
Tisch 14 - Casino Duisburg,27,Rot,Hoch
Tisch 14 - Casino Duisburg,31,Schwarz,Hoch
Tisch 14 - Casino Duisburg,31,Schwarz,Hoch
Tisch 14 - Casino Duisburg,18,Rot,Tief
Tisch 14 - Casino Duisburg,16,Rot,Tief
Tisch 14 - Casino Duisburg,30,Rot,Hoch
Tisch 14 - Casino Duisburg,0,Zero,Zero
Tisch 14 - Casino Duisburg,22,Schwarz,Hoch
Tisch 14 - Casino Duisburg,23,Rot,Hoch
Tisch 14 - Casino Duisburg,5,Rot,Tief
Tisch 14 - Casino Duisburg,22,Schwarz,Hoch
Tisch 14 - Casino Duisburg,19,Rot,Hoch
Tisch 14 - Casino Duisburg,16,Rot,Tief
Tisch 14 - Casino Duisburg,12,Rot,Tief
Tisch 14 - Casino Duisburg,0,Zero,Zero
Tisch 14 - Casino Duisburg,11,Schwarz,Tief
Tisch 14 - Casino Duisburg,9,Rot,Tief
Tisch 14 - Casino Duisburg,27,Rot,Hoch
Tisch 14 - Casino Duisburg,18,Rot,Tief
Tisch 14 - Casino Duisburg,20,Schwarz,Hoch
Tisch 14 - Casino Duisburg,3,Rot,Tief
Tisch 14 - Casino Duisburg,32,Rot,Hoch
Tisch 14 - Casino Duisburg,3,Rot,Tief
Tisch 14 - Casino Duisburg,25,Rot,Hoch
Tisch 14 - Casino Duisburg,17,Schwarz,Tief
Tisch 14 - Casino Duisburg,29,Schwarz,Hoch
Tisch 14 - Casino Duisburg,32,Rot,Hoch
Tisch 14 - Casino Duisburg,1,Rot,Tief
Tisch 14 - Casino Duisburg,34,Rot,Hoch
Tisch 14 - Casino Duisburg,16,Rot,Tief
Tisch 14 - Casino Duisburg,25,Rot,Hoch
Tisch 14 - Casino Duisburg,9,Rot,Tief
Tisch 14 - Casino Duisburg,8,Schwarz,Tief
Tisch 14 - Casino Duisburg,32,Rot,Hoch
Tisch 14 - Casino Duisburg,33,Schwarz,Hoch
Tisch 14 - Casino Duisburg,14,Rot,Tief
Tisch 14 - Casino Duisburg,5,Rot,Tief
Tisch 14 - Casino Duisburg,25,Rot,Hoch
Tisch 14 - Casino Duisburg,28,Schwarz,Hoch
Tisch 14 - Casino Duisburg,13,Schwarz,Tief
Tisch 14 - Casino Duisburg,4,Schwarz,Tief
Tisch 14 - Casino Duisburg,27,Rot,Hoch
Tisch 14 - Casino Duisburg,3,Rot,Tief
Tisch 14 - Casino Duisburg,10,Schwarz,Tief
Tisch 14 - Casino Duisburg,19,Rot,Hoch
Tisch 14 - Casino Duisburg,2,Schwarz,Tief
Tisch 14 - Casino Duisburg,35,Schwarz,Hoch
Tisch 14 - Casino Duisburg,35,Schwarz,Hoch
Tisch 14 - Casino Duisburg,10,Schwarz,Tief
Tisch 14 - Casino Duisburg,10,Schwarz,Tief
Tisch 14 - Casino Duisburg,14,Rot,Tief
Tisch 14 - Casino Duisburg,9,Rot,Tief
Tisch 14 - Casino Duisburg,13,Schwarz,Tief
Tisch 14 - Casino Duisburg,27,Rot,Hoch
Tisch 14 - Casino Duisburg,22,Schwarz,Hoch
Tisch 14 - Casino Duisburg,6,Schwarz,Tief
Tisch 14 - Casino Duisburg,9,Rot,Tief
Tisch 14 - Casino Duisburg,18,Rot,Tief
Tisch 14 - Casino Duisburg,31,Schwarz,Hoch
Tisch 14 - Casino Duisburg,8,Schwarz,Tief
Tisch 14 - Casino Duisburg,29,Schwarz,Hoch
Tisch 14 - Casino Duisburg,23,Rot,Hoch
Tisch 14 - Casino Duisburg,11,Schwarz,Tief
Tisch 14 - Casino Duisburg,20,Schwarz,Hoch
Tisch 14 - Casino Duisburg,33,Schwarz,Hoch
Tisch 14 - Casino Duisburg,24,Schwarz,Hoch
Tisch 14 - Casino Duisburg,34,Rot,Hoch
Tisch 14 - Casino Duisburg,12,Rot,Tief
Tisch 14 - Casino Duisburg,7,Rot,Tief
Tisch 14 - Casino Duisburg,6,Schwarz,Tief
Tisch 14 - Casino Duisburg,23,Rot,Hoch
Tisch 14 - Casino Duisburg,11,Schwarz,Tief
Tisch 14 - Casino Duisburg,27,Rot,Hoch
Tisch 14 - Casino Duisburg,26,Schwarz,Hoch
Tisch 14 - Casino Duisburg,22,Schwarz,Hoch
Tisch 14 - Casino Duisburg,22,Schwarz,Hoch
Tisch 14 - Casino Duisburg,11,Schwarz,Tief
Tisch 14 - Casino Duisburg,0,Zero,Zero
Tisch 14 - Casino Duisburg,27,Rot,Hoch
Tisch 14 - Casino Duisburg,12,Rot,Tief
Tisch 14 - Casino Duisburg,22,Schwarz,Hoch
Tisch 14 - Casino Duisburg,19,Rot,Hoch
Tisch 14 - Casino Duisburg,4,Schwarz,Tief
Tisch 14 - Casino Duisburg,5,Rot,Tief
Tisch 14 - Casino Duisburg,15,Schwarz,Tief
Tisch 14 - Casino Duisburg,10,Schwarz,Tief
Tisch 14 - Casino Duisburg,5,Rot,Tief
Tisch 14 - Casino Duisburg,33,Schwarz,Hoch
Tisch 14 - Casino Duisburg,16,Rot,Tief
Tisch 14 - Casino Duisburg,32,Rot,Hoch
Tisch 14 - Casino Duisburg,20,Schwarz,Hoch
Tisch 14 - Casino Duisburg,16,Rot,Tief
Tisch 14 - Casino Duisburg,36,Rot,Hoch
Tisch 14 - Casino Duisburg,23,Rot,Hoch
Tisch 14 - Casino Duisburg,14,Rot,Tief
Tisch 14 - Casino Duisburg,32,Rot,Hoch
Tisch 14 - Casino Duisburg,20,Schwarz,Hoch
Tisch 14 - Casino Duisburg,21,Rot,Hoch
Tisch 14 - Casino Duisburg,19,Rot,Hoch
Tisch 14 - Casino Duisburg,27,Rot,Hoch
Tisch 14 - Casino Duisburg,20,Schwarz,Hoch
Tisch 14 - Casino Duisburg,21,Rot,Hoch
Tisch 14 - Casino Duisburg,0,Zero,Zero
Tisch 14 - Casino Duisburg,28,Schwarz,Hoch
Tisch 14 - Casino Duisburg,30,Rot,Hoch
Tisch 14 - Casino Duisburg,5,Rot,Tief
Tisch 14 - Casino Duisburg,25,Rot,Hoch
Tisch 14 - Casino Duisburg,31,Schwarz,Hoch
Tisch 14 - Casino Duisburg,16,Rot,Tief
Tisch 14 - Casino Duisburg,13,Schwarz,Tief
Tisch 14 - Casino Duisburg,32,Rot,Hoch
Tisch 14 - Casino Duisburg,24,Schwarz,Hoch
Tisch 14 - Casino Duisburg,29,Schwarz,Hoch
Tisch 14 - Casino Duisburg,18,Rot,Tief
Tisch 14 - Casino Duisburg,29,Schwarz,Hoch
Tisch 14 - Casino Duisburg,7,Rot,Tief
Tisch 14 - Casino Duisburg,6,Schwarz,Tief
Tisch 14 - Casino Duisburg,16,Rot,Tief
Tisch 14 - Casino Duisburg,24,Schwarz,Hoch
Tisch 14 - Casino Duisburg,31,Schwarz,Hoch
Tisch 14 - Casino Duisburg,2,Schwarz,Tief
Tisch 16 - Casino Duisburg,14,Rot,Tief
Tisch 16 - Casino Duisburg,34,Rot,Hoch
Tisch 16 - Casino Duisburg,10,Schwarz,Tief
Tisch 16 - Casino Duisburg,26,Schwarz,Hoch
Tisch 16 - Casino Duisburg,29,Schwarz,Hoch
Tisch 16 - Casino Duisburg,9,Rot,Tief
Tisch 16 - Casino Duisburg,3,Rot,Tief
Tisch 16 - Casino Duisburg,10,Schwarz,Tief
Tisch 16 - Casino Duisburg,19,Rot,Hoch
Tisch 16 - Casino Duisburg,29,Schwarz,Hoch
Tisch 16 - Casino Duisburg,1,Rot,Tief
Tisch 16 - Casino Duisburg,6,Schwarz,Tief
Tisch 16 - Casino Duisburg,27,Rot,Hoch
Tisch 16 - Casino Duisburg,1,Rot,Tief
Tisch 16 - Casino Duisburg,15,Schwarz,Tief
Tisch 16 - Casino Duisburg,3,Rot,Tief
Tisch 16 - Casino Duisburg,35,Schwarz,Hoch
Tisch 16 - Casino Duisburg,9,Rot,Tief
Tisch 16 - Casino Duisburg,8,Schwarz,Tief
Tisch 16 - Casino Duisburg,21,Rot,Hoch
Tisch 16 - Casino Duisburg,18,Rot,Tief
Tisch 16 - Casino Duisburg,6,Schwarz,Tief
Tisch 16 - Casino Duisburg,9,Rot,Tief
Tisch 16 - Casino Duisburg,24,Schwarz,Hoch
Tisch 16 - Casino Duisburg,10,Schwarz,Tief
Tisch 16 - Casino Duisburg,10,Schwarz,Tief
Tisch 16 - Casino Duisburg,16,Rot,Tief
Tisch 16 - Casino Duisburg,6,Schwarz,Tief
Tisch 16 - Casino Duisburg,26,Schwarz,Hoch
Tisch 16 - Casino Duisburg,9,Rot,Tief
Tisch 16 - Casino Duisburg,25,Rot,Hoch
Tisch 16 - Casino Duisburg,15,Schwarz,Tief
Tisch 16 - Casino Duisburg,20,Schwarz,Hoch
Tisch 16 - Casino Duisburg,28,Schwarz,Hoch
Tisch 16 - Casino Duisburg,23,Rot,Hoch
Tisch 16 - Casino Duisburg,8,Schwarz,Tief
Tisch 16 - Casino Duisburg,9,Rot,Tief
Tisch 16 - Casino Duisburg,21,Rot,Hoch
Tisch 16 - Casino Duisburg,31,Schwarz,Hoch
Tisch 16 - Casino Duisburg,20,Schwarz,Hoch
Tisch 16 - Casino Duisburg,32,Rot,Hoch
Tisch 16 - Casino Duisburg,32,Rot,Hoch
Tisch 16 - Casino Duisburg,23,Rot,Hoch
Tisch 16 - Casino Duisburg,28,Schwarz,Hoch
Tisch 16 - Casino Duisburg,5,Rot,Tief
Tisch 16 - Casino Duisburg,21,Rot,Hoch
Tisch 16 - Casino Duisburg,8,Schwarz,Tief
Tisch 16 - Casino Duisburg,22,Schwarz,Hoch
Tisch 16 - Casino Duisburg,34,Rot,Hoch
Tisch 16 - Casino Duisburg,23,Rot,Hoch
Tisch 16 - Casino Duisburg,28,Schwarz,Hoch
Tisch 16 - Casino Duisburg,2,Schwarz,Tief
Tisch 16 - Casino Duisburg,33,Schwarz,Hoch
Tisch 16 - Casino Duisburg,26,Schwarz,Hoch
Tisch 16 - Casino Duisburg,4,Schwarz,Tief
Tisch 16 - Casino Duisburg,28,Schwarz,Hoch
Tisch 16 - Casino Duisburg,18,Rot,Tief
Tisch 16 - Casino Duisburg,33,Schwarz,Hoch
Tisch 16 - Casino Duisburg,13,Schwarz,Tief
Tisch 16 - Casino Duisburg,35,Schwarz,Hoch
Tisch 16 - Casino Duisburg,23,Rot,Hoch
Tisch 16 - Casino Duisburg,30,Rot,Hoch
Tisch 16 - Casino Duisburg,25,Rot,Hoch
Tisch 16 - Casino Duisburg,4,Schwarz,Tief
Tisch 16 - Casino Duisburg,20,Schwarz,Hoch
Tisch 16 - Casino Duisburg,9,Rot,Tief
Tisch 16 - Casino Duisburg,11,Schwarz,Tief
Tisch 16 - Casino Duisburg,26,Schwarz,Hoch
Tisch 16 - Casino Duisburg,16,Rot,Tief
Tisch 16 - Casino Duisburg,9,Rot,Tief
Tisch 16 - Casino Duisburg,30,Rot,Hoch
Tisch 16 - Casino Duisburg,17,Schwarz,Tief
Tisch 16 - Casino Duisburg,3,Rot,Tief
Tisch 16 - Casino Duisburg,16,Rot,Tief
Tisch 16 - Casino Duisburg,18,Rot,Tief
Tisch 16 - Casino Duisburg,12,Rot,Tief
Tisch 16 - Casino Duisburg,15,Schwarz,Tief
Tisch 16 - Casino Duisburg,16,Rot,Tief
Tisch 16 - Casino Duisburg,26,Schwarz,Hoch
Tisch 16 - Casino Duisburg,16,Rot,Tief
Tisch 16 - Casino Duisburg,26,Schwarz,Hoch
Tisch 16 - Casino Duisburg,35,Schwarz,Hoch
Tisch 16 - Casino Duisburg,2,Schwarz,Tief
Tisch 16 - Casino Duisburg,31,Schwarz,Hoch
Tisch 16 - Casino Duisburg,8,Schwarz,Tief
Tisch 16 - Casino Duisburg,32,Rot,Hoch
Tisch 16 - Casino Duisburg,1,Rot,Tief
Tisch 16 - Casino Duisburg,8,Schwarz,Tief
Tisch 16 - Casino Duisburg,36,Rot,Hoch
Tisch 16 - Casino Duisburg,16,Rot,Tief
Tisch 16 - Casino Duisburg,23,Rot,Hoch
Tisch 16 - Casino Duisburg,10,Schwarz,Tief
Tisch 16 - Casino Duisburg,14,Rot,Tief
Tisch 16 - Casino Duisburg,3,Rot,Tief
Tisch 16 - Casino Duisburg,29,Schwarz,Hoch
Tisch 16 - Casino Duisburg,17,Schwarz,Tief
Tisch 16 - Casino Duisburg,19,Rot,Hoch
Tisch 16 - Casino Duisburg,36,Rot,Hoch
Tisch 16 - Casino Duisburg,12,Rot,Tief
Tisch 16 - Casino Duisburg,4,Schwarz,Tief
Tisch 16 - Casino Duisburg,29,Schwarz,Hoch
Tisch 16 - Casino Duisburg,4,Schwarz,Tief
Tisch 16 - Casino Duisburg,6,Schwarz,Tief
Tisch 16 - Casino Duisburg,30,Rot,Hoch
Tisch 16 - Casino Duisburg,11,Schwarz,Tief
Tisch 16 - Casino Duisburg,30,Rot,Hoch
Tisch 16 - Casino Duisburg,32,Rot,Hoch
Tisch 16 - Casino Duisburg,6,Schwarz,Tief
Tisch 16 - Casino Duisburg,7,Rot,Tief
Tisch 16 - Casino Duisburg,28,Schwarz,Hoch
Tisch 16 - Casino Duisburg,16,Rot,Tief
Tisch 16 - Casino Duisburg,9,Rot,Tief
Tisch 16 - Casino Duisburg,2,Schwarz,Tief
Tisch 16 - Casino Duisburg,9,Rot,Tief
Tisch 16 - Casino Duisburg,23,Rot,Hoch
Tisch 16 - Casino Duisburg,9,Rot,Tief
Tisch 16 - Casino Duisburg,18,Rot,Tief
Tisch 16 - Casino Duisburg,21,Rot,Hoch
Tisch 16 - Casino Duisburg,26,Schwarz,Hoch
Tisch 16 - Casino Duisburg,27,Rot,Hoch
Tisch 16 - Casino Duisburg,23,Rot,Hoch
Tisch 16 - Casino Duisburg,25,Rot,Hoch
Tisch 16 - Casino Duisburg,31,Schwarz,Hoch
Tisch 16 - Casino Duisburg,21,Rot,Hoch
Tisch 16 - Casino Duisburg,25,Rot,Hoch
Tisch 16 - Casino Duisburg,31,Schwarz,Hoch
Tisch 16 - Casino Duisburg,6,Schwarz,Tief
Tisch 16 - Casino Duisburg,25,Rot,Hoch
Tisch 16 - Casino Duisburg,15,Schwarz,Tief
Tisch 16 - Casino Duisburg,3,Rot,Tief
Tisch 16 - Casino Duisburg,1,Rot,Tief
Tisch 16 - Casino Duisburg,1,Rot,Tief
Tisch 16 - Casino Duisburg,23,Rot,Hoch
Tisch 16 - Casino Duisburg,4,Schwarz,Tief
Tisch 16 - Casino Duisburg,11,Schwarz,Tief
Tisch 16 - Casino Duisburg,32,Rot,Hoch
Tisch 16 - Casino Duisburg,11,Schwarz,Tief
Tisch 16 - Casino Duisburg,6,Schwarz,Tief
Tisch 16 - Casino Duisburg,19,Rot,Hoch
Tisch 16 - Casino Duisburg,29,Schwarz,Hoch
Tisch 16 - Casino Duisburg,10,Schwarz,Tief
Tisch 16 - Casino Duisburg,6,Schwarz,Tief
Tisch 16 - Casino Duisburg,33,Schwarz,Hoch
Tisch 16 - Casino Duisburg,3,Rot,Tief
Tisch 16 - Casino Duisburg,33,Schwarz,Hoch
Tisch 16 - Casino Duisburg,24,Schwarz,Hoch
Tisch 16 - Casino Duisburg,9,Rot,Tief
Tisch 16 - Casino Duisburg,4,Schwarz,Tief
Tisch 16 - Casino Duisburg,24,Schwarz,Hoch
Tisch 16 - Casino Duisburg,14,Rot,Tief
Tisch 16 - Casino Duisburg,11,Schwarz,Tief
Tisch 16 - Casino Duisburg,31,Schwarz,Hoch
Tisch 16 - Casino Duisburg,27,Rot,Hoch
Tisch 16 - Casino Duisburg,23,Rot,Hoch
Tisch 16 - Casino Duisburg,17,Schwarz,Tief
Tisch 16 - Casino Duisburg,26,Schwarz,Hoch
Tisch 16 - Casino Duisburg,3,Rot,Tief
Tisch 16 - Casino Duisburg,21,Rot,Hoch
Tisch 16 - Casino Duisburg,26,Schwarz,Hoch
Tisch 16 - Casino Duisburg,19,Rot,Hoch
Tisch 16 - Casino Duisburg,22,Schwarz,Hoch
Tisch 16 - Casino Duisburg,29,Schwarz,Hoch
Tisch 16 - Casino Duisburg,2,Schwarz,Tief
Tisch 16 - Casino Duisburg,33,Schwarz,Hoch
Tisch 16 - Casino Duisburg,5,Rot,Tief
Tisch 16 - Casino Duisburg,11,Schwarz,Tief
Tisch 16 - Casino Duisburg,2,Schwarz,Tief
Tisch 16 - Casino Duisburg,14,Rot,Tief
Tisch 16 - Casino Duisburg,8,Schwarz,Tief
Tisch 16 - Casino Duisburg,8,Schwarz,Tief
Tisch 16 - Casino Duisburg,28,Schwarz,Hoch
Tisch 16 - Casino Duisburg,8,Schwarz,Tief
Tisch 16 - Casino Duisburg,33,Schwarz,Hoch
Tisch 16 - Casino Duisburg,21,Rot,Hoch
Tisch 16 - Casino Duisburg,32,Rot,Hoch
Tisch 16 - Casino Duisburg,31,Schwarz,Hoch
Tisch 16 - Casino Duisburg,4,Schwarz,Tief
Tisch 16 - Casino Duisburg,31,Schwarz,Hoch
Tisch 23 - Spielbank Hohensyburg,34,Rot,Hoch
Tisch 23 - Spielbank Hohensyburg,34,Rot,Hoch
Tisch 23 - Spielbank Hohensyburg,5,Rot,Tief
Tisch 23 - Spielbank Hohensyburg,7,Rot,Tief
Tisch 23 - Spielbank Hohensyburg,26,Schwarz,Hoch
Tisch 23 - Spielbank Hohensyburg,29,Schwarz,Hoch
Tisch 23 - Spielbank Hohensyburg,14,Rot,Tief
Tisch 23 - Spielbank Hohensyburg,0,Zero,Zero
Tisch 23 - Spielbank Hohensyburg,29,Schwarz,Hoch
Tisch 23 - Spielbank Hohensyburg,31,Schwarz,Hoch
Tisch 23 - Spielbank Hohensyburg,15,Schwarz,Tief
Tisch 23 - Spielbank Hohensyburg,22,Schwarz,Hoch
Tisch 23 - Spielbank Hohensyburg,10,Schwarz,Tief
Tisch 23 - Spielbank Hohensyburg,18,Rot,Tief
Tisch 23 - Spielbank Hohensyburg,26,Schwarz,Hoch
Tisch 23 - Spielbank Hohensyburg,5,Rot,Tief
Tisch 23 - Spielbank Hohensyburg,18,Rot,Tief
Tisch 23 - Spielbank Hohensyburg,4,Schwarz,Tief
Tisch 23 - Spielbank Hohensyburg,31,Schwarz,Hoch
Tisch 23 - Spielbank Hohensyburg,33,Schwarz,Hoch
Tisch 23 - Spielbank Hohensyburg,3,Rot,Tief
Tisch 23 - Spielbank Hohensyburg,8,Schwarz,Tief
Tisch 23 - Spielbank Hohensyburg,11,Schwarz,Tief
Tisch 23 - Spielbank Hohensyburg,33,Schwarz,Hoch
Tisch 23 - Spielbank Hohensyburg,21,Rot,Hoch
Tisch 23 - Spielbank Hohensyburg,32,Rot,Hoch
Tisch 23 - Spielbank Hohensyburg,7,Rot,Tief
Tisch 23 - Spielbank Hohensyburg,23,Rot,Hoch
Tisch 23 - Spielbank Hohensyburg,32,Rot,Hoch
Tisch 23 - Spielbank Hohensyburg,26,Schwarz,Hoch
Tisch 23 - Spielbank Hohensyburg,6,Schwarz,Tief
Tisch 23 - Spielbank Hohensyburg,36,Rot,Hoch
Tisch 23 - Spielbank Hohensyburg,31,Schwarz,Hoch
Tisch 23 - Spielbank Hohensyburg,30,Rot,Hoch
Tisch 23 - Spielbank Hohensyburg,11,Schwarz,Tief
Tisch 23 - Spielbank Hohensyburg,10,Schwarz,Tief
Tisch 23 - Spielbank Hohensyburg,32,Rot,Hoch
Tisch 23 - Spielbank Hohensyburg,23,Rot,Hoch
Tisch 23 - Spielbank Hohensyburg,15,Schwarz,Tief
Tisch 23 - Spielbank Hohensyburg,24,Schwarz,Hoch
Tisch 23 - Spielbank Hohensyburg,35,Schwarz,Hoch
Tisch 23 - Spielbank Hohensyburg,33,Schwarz,Hoch
Tisch 23 - Spielbank Hohensyburg,16,Rot,Tief
Tisch 23 - Spielbank Hohensyburg,12,Rot,Tief
Tisch 23 - Spielbank Hohensyburg,24,Schwarz,Hoch
Tisch 23 - Spielbank Hohensyburg,35,Schwarz,Hoch
Tisch 23 - Spielbank Hohensyburg,36,Rot,Hoch
Tisch 23 - Spielbank Hohensyburg,21,Rot,Hoch
Tisch 23 - Spielbank Hohensyburg,24,Schwarz,Hoch
Tisch 23 - Spielbank Hohensyburg,10,Schwarz,Tief
Tisch 23 - Spielbank Hohensyburg,20,Schwarz,Hoch
Tisch 23 - Spielbank Hohensyburg,5,Rot,Tief
Tisch 23 - Spielbank Hohensyburg,12,Rot,Tief
Tisch 23 - Spielbank Hohensyburg,0,Zero,Zero
Tisch 23 - Spielbank Hohensyburg,4,Schwarz,Tief
Tisch 23 - Spielbank Hohensyburg,14,Rot,Tief
Tisch 23 - Spielbank Hohensyburg,30,Rot,Hoch
Tisch 23 - Spielbank Hohensyburg,10,Schwarz,Tief
Tisch 23 - Spielbank Hohensyburg,36,Rot,Hoch
Tisch 23 - Spielbank Hohensyburg,29,Schwarz,Hoch
Tisch 23 - Spielbank Hohensyburg,31,Schwarz,Hoch
Tisch 23 - Spielbank Hohensyburg,26,Schwarz,Hoch
Tisch 23 - Spielbank Hohensyburg,22,Schwarz,Hoch
Tisch 23 - Spielbank Hohensyburg,26,Schwarz,Hoch
Tisch 23 - Spielbank Hohensyburg,28,Schwarz,Hoch
Tisch 23 - Spielbank Hohensyburg,10,Schwarz,Tief
Tisch 23 - Spielbank Hohensyburg,27,Rot,Hoch
Tisch 23 - Spielbank Hohensyburg,20,Schwarz,Hoch
Tisch 23 - Spielbank Hohensyburg,28,Schwarz,Hoch
Tisch 23 - Spielbank Hohensyburg,20,Schwarz,Hoch
Tisch 23 - Spielbank Hohensyburg,7,Rot,Tief
Tisch 23 - Spielbank Hohensyburg,20,Schwarz,Hoch
Tisch 23 - Spielbank Hohensyburg,28,Schwarz,Hoch
Tisch 23 - Spielbank Hohensyburg,22,Schwarz,Hoch
Tisch 23 - Spielbank Hohensyburg,3,Rot,Tief
Tisch 23 - Spielbank Hohensyburg,27,Rot,Hoch
Tisch 23 - Spielbank Hohensyburg,9,Rot,Tief
Tisch 23 - Spielbank Hohensyburg,12,Rot,Tief
Tisch 23 - Spielbank Hohensyburg,18,Rot,Tief
Tisch 23 - Spielbank Hohensyburg,28,Schwarz,Hoch
Tisch 23 - Spielbank Hohensyburg,8,Schwarz,Tief
Tisch 23 - Spielbank Hohensyburg,9,Rot,Tief
Tisch 23 - Spielbank Hohensyburg,20,Schwarz,Hoch
Tisch 23 - Spielbank Hohensyburg,19,Rot,Hoch
Tisch 23 - Spielbank Hohensyburg,3,Rot,Tief
Tisch 23 - Spielbank Hohensyburg,15,Schwarz,Tief
Tisch 23 - Spielbank Hohensyburg,22,Schwarz,Hoch
Tisch 23 - Spielbank Hohensyburg,16,Rot,Tief
Tisch 23 - Spielbank Hohensyburg,21,Rot,Hoch
Tisch 23 - Spielbank Hohensyburg,22,Schwarz,Hoch
Tisch 23 - Spielbank Hohensyburg,4,Schwarz,Tief
Tisch 23 - Spielbank Hohensyburg,28,Schwarz,Hoch
Tisch 23 - Spielbank Hohensyburg,13,Schwarz,Tief
Tisch 23 - Spielbank Hohensyburg,4,Schwarz,Tief
Tisch 23 - Spielbank Hohensyburg,32,Rot,Hoch
Tisch 23 - Spielbank Hohensyburg,7,Rot,Tief
Tisch 23 - Spielbank Hohensyburg,35,Schwarz,Hoch
Tisch 23 - Spielbank Hohensyburg,22,Schwarz,Hoch
Tisch 23 - Spielbank Hohensyburg,35,Schwarz,Hoch
Tisch 23 - Spielbank Hohensyburg,0,Zero,Zero
Tisch 23 - Spielbank Hohensyburg,14,Rot,Tief
Tisch 23 - Spielbank Hohensyburg,11,Schwarz,Tief
Tisch 23 - Spielbank Hohensyburg,30,Rot,Hoch
Tisch 23 - Spielbank Hohensyburg,18,Rot,Tief
Tisch 23 - Spielbank Hohensyburg,18,Rot,Tief
Tisch 23 - Spielbank Hohensyburg,21,Rot,Hoch
Tisch 23 - Spielbank Hohensyburg,32,Rot,Hoch
Tisch 23 - Spielbank Hohensyburg,10,Schwarz,Tief
Tisch 23 - Spielbank Hohensyburg,9,Rot,Tief
Tisch 23 - Spielbank Hohensyburg,27,Rot,Hoch
Tisch 23 - Spielbank Hohensyburg,36,Rot,Hoch
Tisch 23 - Spielbank Hohensyburg,25,Rot,Hoch
Tisch 23 - Spielbank Hohensyburg,22,Schwarz,Hoch
Tisch 23 - Spielbank Hohensyburg,35,Schwarz,Hoch
Tisch 23 - Spielbank Hohensyburg,15,Schwarz,Tief
Tisch 23 - Spielbank Hohensyburg,5,Rot,Tief
Tisch 23 - Spielbank Hohensyburg,21,Rot,Hoch
Tisch 23 - Spielbank Hohensyburg,19,Rot,Hoch
Tisch 23 - Spielbank Hohensyburg,2,Schwarz,Tief
Tisch 23 - Spielbank Hohensyburg,3,Rot,Tief
Tisch 23 - Spielbank Hohensyburg,22,Schwarz,Hoch
Tisch 23 - Spielbank Hohensyburg,14,Rot,Tief
Tisch 23 - Spielbank Hohensyburg,32,Rot,Hoch
Tisch 23 - Spielbank Hohensyburg,12,Rot,Tief
Tisch 23 - Spielbank Hohensyburg,23,Rot,Hoch
Tisch 23 - Spielbank Hohensyburg,8,Schwarz,Tief
Tisch 23 - Spielbank Hohensyburg,21,Rot,Hoch
Tisch 23 - Spielbank Hohensyburg,23,Rot,Hoch
Tisch 23 - Spielbank Hohensyburg,21,Rot,Hoch
Tisch 23 - Spielbank Hohensyburg,23,Rot,Hoch
Tisch 23 - Spielbank Hohensyburg,27,Rot,Hoch
Tisch 23 - Spielbank Hohensyburg,30,Rot,Hoch
Tisch 23 - Spielbank Hohensyburg,28,Schwarz,Hoch
Tisch 23 - Spielbank Hohensyburg,23,Rot,Hoch
Tisch 23 - Spielbank Hohensyburg,18,Rot,Tief
Tisch 23 - Spielbank Hohensyburg,10,Schwarz,Tief
Tisch 23 - Spielbank Hohensyburg,6,Schwarz,Tief
Tisch 23 - Spielbank Hohensyburg,21,Rot,Hoch
Tisch 23 - Spielbank Hohensyburg,11,Schwarz,Tief
Tisch 23 - Spielbank Hohensyburg,14,Rot,Tief
Tisch 23 - Spielbank Hohensyburg,11,Schwarz,Tief
Tisch 23 - Spielbank Hohensyburg,16,Rot,Tief
Tisch 23 - Spielbank Hohensyburg,0,Zero,Zero
Tisch 23 - Spielbank Hohensyburg,29,Schwarz,Hoch
Tisch 23 - Spielbank Hohensyburg,15,Schwarz,Tief
Tisch 23 - Spielbank Hohensyburg,29,Schwarz,Hoch
Tisch 23 - Spielbank Hohensyburg,19,Rot,Hoch
Tisch 23 - Spielbank Hohensyburg,25,Rot,Hoch
Tisch 23 - Spielbank Hohensyburg,12,Rot,Tief
Tisch 23 - Spielbank Hohensyburg,19,Rot,Hoch
Tisch 23 - Spielbank Hohensyburg,25,Rot,Hoch
Tisch 23 - Spielbank Hohensyburg,2,Schwarz,Tief
Tisch 23 - Spielbank Hohensyburg,3,Rot,Tief
Tisch 23 - Spielbank Hohensyburg,22,Schwarz,Hoch
Tisch 23 - Spielbank Hohensyburg,14,Rot,Tief
Tisch 23 - Spielbank Hohensyburg,32,Rot,Hoch
Tisch 23 - Spielbank Hohensyburg,12,Rot,Tief
Tisch 23 - Spielbank Hohensyburg,23,Rot,Hoch
Tisch 23 - Spielbank Hohensyburg,8,Schwarz,Tief
Tisch 23 - Spielbank Hohensyburg,21,Rot,Hoch
Tisch 23 - Spielbank Hohensyburg,23,Rot,Hoch
Tisch 23 - Spielbank Hohensyburg,27,Rot,Hoch
Tisch 23 - Spielbank Hohensyburg,30,Rot,Hoch
Tisch 23 - Spielbank Hohensyburg,28,Schwarz,Hoch
Tisch 23 - Spielbank Hohensyburg,23,Rot,Hoch
Tisch 23 - Spielbank Hohensyburg,18,Rot,Tief
Tisch 23 - Spielbank Hohensyburg,10,Schwarz,Tief
Tisch 23 - Spielbank Hohensyburg,6,Schwarz,Tief
Tisch 23 - Spielbank Hohensyburg,21,Rot,Hoch
Tisch 23 - Spielbank Hohensyburg,11,Schwarz,Tief
Tisch 23 - Spielbank Hohensyburg,14,Rot,Tief
Tisch 23 - Spielbank Hohensyburg,11,Schwarz,Tief
Tisch 23 - Spielbank Hohensyburg,16,Rot,Tief
Tisch 23 - Spielbank Hohensyburg,0,Zero,Zero
Tisch 23 - Spielbank Hohensyburg,29,Schwarz,Hoch
Tisch 23 - Spielbank Hohensyburg,15,Schwarz,Tief
Tisch 23 - Spielbank Hohensyburg,29,Schwarz,Hoch
Tisch 23 - Spielbank Hohensyburg,19,Rot,Hoch
Tisch 23 - Spielbank Hohensyburg,25,Rot,Hoch
Tisch 23 - Spielbank Hohensyburg,12,Rot,Tief
Tisch 23 - Spielbank Hohensyburg,19,Rot,Hoch
Tisch 23 - Spielbank Hohensyburg,25,Rot,Hoch
Tisch 23 - Spielbank Hohensyburg,7,Rot,Tief
Tisch 23 - Spielbank Hohensyburg,16,Rot,Tief
Tisch 23 - Spielbank Hohensyburg,14,Rot,Tief
Tisch 23 - Spielbank Hohensyburg,26,Schwarz,Hoch
Tisch 23 - Spielbank Hohensyburg,14,Rot,Tief
Tisch 23 - Spielbank Hohensyburg,16,Rot,Tief
Tisch 23 - Spielbank Hohensyburg,26,Schwarz,Hoch
Tisch 23 - Spielbank Hohensyburg,14,Rot,Tief
Tisch 23 - Spielbank Hohensyburg,13,Schwarz,Tief
Tisch 23 - Spielbank Hohensyburg,8,Schwarz,Tief
Tisch 23 - Spielbank Hohensyburg,1,Rot,Tief
Tisch 23 - Spielbank Hohensyburg,8,Schwarz,Tief
Tisch 23 - Spielbank Hohensyburg,20,Schwarz,Hoch
Tisch 23 - Spielbank Hohensyburg,30,Rot,Hoch
Tisch 23 - Spielbank Hohensyburg,15,Schwarz,Tief
Tisch 23 - Spielbank Hohensyburg,13,Schwarz,Tief
Tisch 23 - Spielbank Hohensyburg,10,Schwarz,Tief
Tisch 23 - Spielbank Hohensyburg,32,Rot,Hoch
Tisch 23 - Spielbank Hohensyburg,21,Rot,Hoch
Tisch 23 - Spielbank Hohensyburg,23,Rot,Hoch
Tisch 23 - Spielbank Hohensyburg,21,Rot,Hoch
Tisch 23 - Spielbank Hohensyburg,23,Rot,Hoch
Tisch 23 - Spielbank Hohensyburg,27,Rot,Hoch
Tisch 23 - Spielbank Hohensyburg,28,Schwarz,Hoch
Tisch 23 - Spielbank Hohensyburg,23,Rot,Hoch
Tisch 23 - Spielbank Hohensyburg,21,Rot,Hoch
Tisch 23 - Spielbank Hohensyburg,11,Schwarz,Tief
Tisch 24 - Spielbank Hohensyburg,26,Schwarz,Hoch
Tisch 24 - Spielbank Hohensyburg,9,Rot,Tief
Tisch 24 - Spielbank Hohensyburg,33,Schwarz,Hoch
Tisch 24 - Spielbank Hohensyburg,4,Schwarz,Tief
Tisch 24 - Spielbank Hohensyburg,22,Schwarz,Hoch
Tisch 24 - Spielbank Hohensyburg,17,Schwarz,Tief
Tisch 24 - Spielbank Hohensyburg,25,Rot,Hoch
Tisch 24 - Spielbank Hohensyburg,20,Schwarz,Hoch
Tisch 24 - Spielbank Hohensyburg,22,Schwarz,Hoch
Tisch 24 - Spielbank Hohensyburg,22,Schwarz,Hoch
Tisch 24 - Spielbank Hohensyburg,12,Rot,Tief
Tisch 24 - Spielbank Hohensyburg,20,Schwarz,Hoch
Tisch 24 - Spielbank Hohensyburg,3,Rot,Tief
Tisch 24 - Spielbank Hohensyburg,14,Rot,Tief
Tisch 24 - Spielbank Hohensyburg,16,Rot,Tief
Tisch 24 - Spielbank Hohensyburg,19,Rot,Hoch
Tisch 24 - Spielbank Hohensyburg,28,Schwarz,Hoch
Tisch 24 - Spielbank Hohensyburg,15,Schwarz,Tief
Tisch 24 - Spielbank Hohensyburg,24,Schwarz,Hoch
Tisch 24 - Spielbank Hohensyburg,0,Zero,Zero
Tisch 24 - Spielbank Hohensyburg,25,Rot,Hoch
Tisch 24 - Spielbank Hohensyburg,10,Schwarz,Tief
Tisch 24 - Spielbank Hohensyburg,34,Rot,Hoch
Tisch 24 - Spielbank Hohensyburg,36,Rot,Hoch
Tisch 24 - Spielbank Hohensyburg,32,Rot,Hoch
Tisch 24 - Spielbank Hohensyburg,36,Rot,Hoch
Tisch 24 - Spielbank Hohensyburg,19,Rot,Hoch
Tisch 24 - Spielbank Hohensyburg,17,Schwarz,Tief
Tisch 24 - Spielbank Hohensyburg,14,Rot,Tief
Tisch 24 - Spielbank Hohensyburg,36,Rot,Hoch
Tisch 24 - Spielbank Hohensyburg,26,Schwarz,Hoch
Tisch 24 - Spielbank Hohensyburg,27,Rot,Hoch
Tisch 24 - Spielbank Hohensyburg,32,Rot,Hoch
Tisch 24 - Spielbank Hohensyburg,3,Rot,Tief
Tisch 24 - Spielbank Hohensyburg,14,Rot,Tief
Tisch 24 - Spielbank Hohensyburg,19,Rot,Hoch
Tisch 24 - Spielbank Hohensyburg,19,Rot,Hoch
Tisch 24 - Spielbank Hohensyburg,26,Schwarz,Hoch
Tisch 24 - Spielbank Hohensyburg,18,Rot,Tief
Tisch 24 - Spielbank Hohensyburg,11,Schwarz,Tief
Tisch 24 - Spielbank Hohensyburg,20,Schwarz,Hoch
Tisch 24 - Spielbank Hohensyburg,33,Schwarz,Hoch
Tisch 24 - Spielbank Hohensyburg,26,Schwarz,Hoch
Tisch 24 - Spielbank Hohensyburg,14,Rot,Tief
Tisch 24 - Spielbank Hohensyburg,20,Schwarz,Hoch
Tisch 24 - Spielbank Hohensyburg,16,Rot,Tief
Tisch 24 - Spielbank Hohensyburg,8,Schwarz,Tief
Tisch 24 - Spielbank Hohensyburg,11,Schwarz,Tief
Tisch 24 - Spielbank Hohensyburg,11,Schwarz,Tief
Tisch 24 - Spielbank Hohensyburg,1,Rot,Tief
Tisch 24 - Spielbank Hohensyburg,12,Rot,Tief
Tisch 24 - Spielbank Hohensyburg,1,Rot,Tief
Tisch 24 - Spielbank Hohensyburg,22,Schwarz,Hoch
Tisch 24 - Spielbank Hohensyburg,3,Rot,Tief
Tisch 24 - Spielbank Hohensyburg,21,Rot,Hoch
Tisch 24 - Spielbank Hohensyburg,3,Rot,Tief
Tisch 24 - Spielbank Hohensyburg,31,Schwarz,Hoch
Tisch 24 - Spielbank Hohensyburg,10,Schwarz,Tief
Tisch 24 - Spielbank Hohensyburg,31,Schwarz,Hoch
Tisch 24 - Spielbank Hohensyburg,33,Schwarz,Hoch
Tisch 24 - Spielbank Hohensyburg,9,Rot,Tief
Tisch 24 - Spielbank Hohensyburg,36,Rot,Hoch
Tisch 24 - Spielbank Hohensyburg,29,Schwarz,Hoch
Tisch 24 - Spielbank Hohensyburg,21,Rot,Hoch
Tisch 24 - Spielbank Hohensyburg,4,Schwarz,Tief
Tisch 24 - Spielbank Hohensyburg,33,Schwarz,Hoch
Tisch 24 - Spielbank Hohensyburg,6,Schwarz,Tief
Tisch 24 - Spielbank Hohensyburg,12,Rot,Tief
Tisch 24 - Spielbank Hohensyburg,9,Rot,Tief
Tisch 24 - Spielbank Hohensyburg,24,Schwarz,Hoch
Tisch 24 - Spielbank Hohensyburg,33,Schwarz,Hoch
Tisch 24 - Spielbank Hohensyburg,8,Schwarz,Tief
Tisch 24 - Spielbank Hohensyburg,14,Rot,Tief
Tisch 24 - Spielbank Hohensyburg,4,Schwarz,Tief
Tisch 24 - Spielbank Hohensyburg,2,Schwarz,Tief
Tisch 24 - Spielbank Hohensyburg,26,Schwarz,Hoch
Tisch 24 - Spielbank Hohensyburg,2,Schwarz,Tief
Tisch 24 - Spielbank Hohensyburg,9,Rot,Tief
Tisch 24 - Spielbank Hohensyburg,2,Schwarz,Tief
Tisch 24 - Spielbank Hohensyburg,8,Schwarz,Tief
Tisch 24 - Spielbank Hohensyburg,30,Rot,Hoch
Tisch 24 - Spielbank Hohensyburg,0,Zero,Zero
Tisch 24 - Spielbank Hohensyburg,19,Rot,Hoch
Tisch 24 - Spielbank Hohensyburg,33,Schwarz,Hoch
Tisch 24 - Spielbank Hohensyburg,19,Rot,Hoch
Tisch 24 - Spielbank Hohensyburg,21,Rot,Hoch
Tisch 24 - Spielbank Hohensyburg,14,Rot,Tief
Tisch 24 - Spielbank Hohensyburg,25,Rot,Hoch
Tisch 24 - Spielbank Hohensyburg,13,Schwarz,Tief
Tisch 24 - Spielbank Hohensyburg,2,Schwarz,Tief
Tisch 24 - Spielbank Hohensyburg,12,Rot,Tief
Tisch 24 - Spielbank Hohensyburg,23,Rot,Hoch
Tisch 24 - Spielbank Hohensyburg,5,Rot,Tief
Tisch 24 - Spielbank Hohensyburg,1,Rot,Tief
Tisch 24 - Spielbank Hohensyburg,23,Rot,Hoch
Tisch 24 - Spielbank Hohensyburg,13,Schwarz,Tief
Tisch 24 - Spielbank Hohensyburg,21,Rot,Hoch
Tisch 24 - Spielbank Hohensyburg,29,Schwarz,Hoch
Tisch 24 - Spielbank Hohensyburg,24,Schwarz,Hoch
Tisch 24 - Spielbank Hohensyburg,3,Rot,Tief
Tisch 24 - Spielbank Hohensyburg,36,Rot,Hoch
Tisch 24 - Spielbank Hohensyburg,17,Schwarz,Tief
Tisch 24 - Spielbank Hohensyburg,8,Schwarz,Tief
Tisch 24 - Spielbank Hohensyburg,4,Schwarz,Tief
Tisch 24 - Spielbank Hohensyburg,17,Schwarz,Tief
Tisch 24 - Spielbank Hohensyburg,31,Schwarz,Hoch
Tisch 24 - Spielbank Hohensyburg,7,Rot,Tief
Tisch 24 - Spielbank Hohensyburg,36,Rot,Hoch
Tisch 24 - Spielbank Hohensyburg,31,Schwarz,Hoch
Tisch 24 - Spielbank Hohensyburg,12,Rot,Tief
Tisch 24 - Spielbank Hohensyburg,38,Schwarz,Hoch
Tisch 24 - Spielbank Hohensyburg,33,Schwarz,Hoch
Tisch 24 - Spielbank Hohensyburg,24,Schwarz,Hoch
Tisch 24 - Spielbank Hohensyburg,2,Schwarz,Tief
Tisch 24 - Spielbank Hohensyburg,18,Rot,Tief
Tisch 24 - Spielbank Hohensyburg,15,Schwarz,Tief
Tisch 24 - Spielbank Hohensyburg,1,Rot,Tief
Tisch 24 - Spielbank Hohensyburg,34,Rot,Hoch
Tisch 24 - Spielbank Hohensyburg,21,Rot,Hoch
Tisch 24 - Spielbank Hohensyburg,2,Schwarz,Tief
Tisch 24 - Spielbank Hohensyburg,13,Schwarz,Tief
Tisch 24 - Spielbank Hohensyburg,19,Rot,Hoch
Tisch 24 - Spielbank Hohensyburg,0,Zero,Zero
Tisch 24 - Spielbank Hohensyburg,33,Schwarz,Hoch
Tisch 24 - Spielbank Hohensyburg,7,Rot,Tief
Tisch 24 - Spielbank Hohensyburg,34,Rot,Hoch
Tisch 24 - Spielbank Hohensyburg,20,Schwarz,Hoch
Tisch 24 - Spielbank Hohensyburg,25,Rot,Hoch
Tisch 24 - Spielbank Hohensyburg,11,Schwarz,Tief
Tisch 24 - Spielbank Hohensyburg,8,Schwarz,Tief
Tisch 24 - Spielbank Hohensyburg,26,Schwarz,Hoch
Tisch 24 - Spielbank Hohensyburg,23,Rot,Hoch
Tisch 24 - Spielbank Hohensyburg,30,Rot,Hoch
Tisch 24 - Spielbank Hohensyburg,23,Rot,Hoch
Tisch 24 - Spielbank Hohensyburg,1,Rot,Tief
Tisch 24 - Spielbank Hohensyburg,17,Schwarz,Tief
Tisch 24 - Spielbank Hohensyburg,28,Schwarz,Hoch
Tisch 24 - Spielbank Hohensyburg,11,Schwarz,Tief
Tisch 24 - Spielbank Hohensyburg,21,Rot,Hoch
Tisch 24 - Spielbank Hohensyburg,25,Rot,Hoch
Tisch 24 - Spielbank Hohensyburg,10,Schwarz,Tief
Tisch 24 - Spielbank Hohensyburg,16,Rot,Tief
Tisch 24 - Spielbank Hohensyburg,30,Rot,Hoch
Tisch 24 - Spielbank Hohensyburg,29,Schwarz,Hoch
Tisch 24 - Spielbank Hohensyburg,11,Schwarz,Tief
Tisch 24 - Spielbank Hohensyburg,35,Schwarz,Hoch
Tisch 24 - Spielbank Hohensyburg,18,Rot,Tief
Tisch 24 - Spielbank Hohensyburg,18,Rot,Tief
Tisch 24 - Spielbank Hohensyburg,35,Schwarz,Hoch
Tisch 24 - Spielbank Hohensyburg,22,Schwarz,Hoch
Tisch 24 - Spielbank Hohensyburg,14,Rot,Tief
Tisch 24 - Spielbank Hohensyburg,7,Rot,Tief
Tisch 24 - Spielbank Hohensyburg,27,Rot,Hoch
Tisch 24 - Spielbank Hohensyburg,15,Schwarz,Tief
Tisch 24 - Spielbank Hohensyburg,26,Schwarz,Hoch
Tisch 24 - Spielbank Hohensyburg,21,Rot,Hoch
Tisch 24 - Spielbank Hohensyburg,6,Schwarz,Tief
Tisch 24 - Spielbank Hohensyburg,23,Rot,Hoch
Tisch 24 - Spielbank Hohensyburg,30,Rot,Hoch
Tisch 24 - Spielbank Hohensyburg,23,Rot,Hoch
Tisch 24 - Spielbank Hohensyburg,1,Rot,Tief
Tisch 24 - Spielbank Hohensyburg,17,Schwarz,Tief
Tisch 24 - Spielbank Hohensyburg,36,Rot,Hoch
Tisch 24 - Spielbank Hohensyburg,19,Rot,Hoch
Tisch 24 - Spielbank Hohensyburg,21,Rot,Hoch
Tisch 24 - Spielbank Hohensyburg,25,Rot,Hoch
Tisch 24 - Spielbank Hohensyburg,10,Schwarz,Tief
Tisch 24 - Spielbank Hohensyburg,16,Rot,Tief
Tisch 24 - Spielbank Hohensyburg,32,Rot,Hoch
Tisch 24 - Spielbank Hohensyburg,29,Schwarz,Hoch
Tisch 24 - Spielbank Hohensyburg,11,Schwarz,Tief
Tisch 24 - Spielbank Hohensyburg,35,Schwarz,Hoch
Tisch 24 - Spielbank Hohensyburg,18,Rot,Tief
Tisch 24 - Spielbank Hohensyburg,18,Rot,Tief
Tisch 24 - Spielbank Hohensyburg,35,Schwarz,Hoch
Tisch 24 - Spielbank Hohensyburg,22,Schwarz,Hoch
Tisch 24 - Spielbank Hohensyburg,14,Rot,Tief
Tisch 24 - Spielbank Hohensyburg,7,Rot,Tief
Tisch 24 - Spielbank Hohensyburg,27,Rot,Hoch
Tisch 24 - Spielbank Hohensyburg,15,Schwarz,Tief
Tisch 24 - Spielbank Hohensyburg,26,Schwarz,Hoch
Tisch 24 - Spielbank Hohensyburg,23,Rot,Hoch
Tisch 24 - Spielbank Hohensyburg,30,Rot,Hoch
Tisch 24 - Spielbank Hohensyburg,1,Rot,Tief
Tisch 24 - Spielbank Hohensyburg,28,Schwarz,Hoch
Tisch 24 - Spielbank Hohensyburg,11,Schwarz,Tief
Tisch 24 - Spielbank Hohensyburg,21,Rot,Hoch
Tisch 24 - Spielbank Hohensyburg,25,Rot,Hoch
Tisch 24 - Spielbank Hohensyburg,10,Schwarz,Tief
Tisch 24 - Spielbank Hohensyburg,16,Rot,Tief
Tisch 24 - Spielbank Hohensyburg,30,Rot,Hoch
Tisch 24 - Spielbank Hohensyburg,11,Schwarz,Tief
Tisch 24 - Spielbank Hohensyburg,32,Rot,Hoch
Tisch 24 - Spielbank Hohensyburg,4,Schwarz,Tief
Tisch 24 - Spielbank Hohensyburg,5,Rot,Tief
Tisch 24 - Spielbank Hohensyburg,11,Schwarz,Tief
Tisch 24 - Spielbank Hohensyburg,15,Schwarz,Tief
Tisch 24 - Spielbank Hohensyburg,25,Rot,Hoch
Tisch 24 - Spielbank Hohensyburg,34,Rot,Hoch
Tisch 24 - Spielbank Hohensyburg,23,Rot,Hoch
Tisch 24 - Spielbank Hohensyburg,22,Schwarz,Hoch
Tisch 24 - Spielbank Hohensyburg,30,Rot,Hoch
Tisch 24 - Spielbank Hohensyburg,6,Schwarz,Tief
Tisch 24 - Spielbank Hohensyburg,26,Schwarz,Hoch
Tisch 24 - Spielbank Hohensyburg,25,Rot,Hoch
Tisch 24 - Spielbank Hohensyburg,16,Rot,Tief
Tisch 24 - Spielbank Hohensyburg,36,Rot,Hoch
Tisch 24 - Spielbank Hohensyburg,4,Schwarz,Tief
Tisch 24 - Spielbank Hohensyburg,21,Rot,Hoch
Tisch 24 - Spielbank Hohensyburg,14,Rot,Tief
Tisch 24 - Spielbank Hohensyburg,4,Schwarz,Tief
Tisch 24 - Spielbank Hohensyburg,34,Rot,Hoch
Tisch 24 - Spielbank Hohensyburg,27,Rot,Hoch
Tisch 24 - Spielbank Hohensyburg,3,Rot,Tief
Tisch 24 - Spielbank Hohensyburg,31,Schwarz,Hoch
Tisch 24 - Spielbank Hohensyburg,3,Rot,Tief
Tisch 24 - Spielbank Hohensyburg,2,Schwarz,Tief
Tisch 24 - Spielbank Hohensyburg,32,Rot,Hoch
Tisch 24 - Spielbank Hohensyburg,9,Rot,Tief
Tisch 24 - Spielbank Hohensyburg,29,Schwarz,Hoch
Tisch 24 - Spielbank Hohensyburg,2,Schwarz,Tief
Tisch 24 - Spielbank Hohensyburg,9,Rot,Tief
Tisch 24 - Spielbank Hohensyburg,36,Rot,Hoch
Tisch 24 - Spielbank Hohensyburg,33,Schwarz,Hoch
Tisch 24 - Spielbank Hohensyburg,8,Schwarz,Tief
Tisch 24 - Spielbank Hohensyburg,12,Rot,Tief
Tisch 24 - Spielbank Hohensyburg,1,Rot,Tief
Tisch 24 - Spielbank Hohensyburg,8,Schwarz,Tief
Tisch 24 - Spielbank Hohensyburg,26,Schwarz,Hoch
Tisch 24 - Spielbank Hohensyburg,35,Schwarz,Hoch
Tisch 24 - Spielbank Hohensyburg,21,Rot,Hoch
Tisch 24 - Spielbank Hohensyburg,18,Rot,Tief
Tisch 24 - Spielbank Hohensyburg,18,Rot,Tief
Tisch 24 - Spielbank Hohensyburg,35,Schwarz,Hoch
Tisch 24 - Spielbank Hohensyburg,22,Schwarz,Hoch
Tisch 24 - Spielbank Hohensyburg,14,Rot,Tief
Tisch 24 - Spielbank Hohensyburg,7,Rot,Tief
Tisch 24 - Spielbank Hohensyburg,27,Rot,Hoch
Tisch 24 - Spielbank Hohensyburg,15,Schwarz,Tief
Tisch 24 - Spielbank Hohensyburg,26,Schwarz,Hoch
Tisch 24 - Spielbank Hohensyburg,23,Rot,Hoch
Tisch 24 - Spielbank Hohensyburg,30,Rot,Hoch
Tisch 24 - Spielbank Hohensyburg,23,Rot,Hoch
Tisch 24 - Spielbank Hohensyburg,1,Rot,Tief
Tisch 24 - Spielbank Hohensyburg,17,Schwarz,Tief
Tisch 24 - Spielbank Hohensyburg,36,Rot,Hoch
Tisch 24 - Spielbank Hohensyburg,19,Rot,Hoch
Tisch 24 - Spielbank Hohensyburg,21,Rot,Hoch
Tisch 24 - Spielbank Hohensyburg,25,Rot,Hoch
Tisch 24 - Spielbank Hohensyburg,10,Schwarz,Tief
