,Zahl,Dozen,Black/Red,Even/Odd,High/Low,Column
0,33,Dozen 3,Black,Odd,High,Column 3
1,22,Dozen 2,Black,Even,High,Column 1
2,31,Dozen 3,Black,Odd,High,Column 1
3,28,Dozen 3,Black,Even,High,Column 1
4,24,Dozen 2,Black,Even,High,Column 3
5,6,Dozen 1,Black,Even,Low,Column 3
6,36,Dozen 3,Red,Even,High,Column 3
7,19,Dozen 2,Red,Odd,High,Column 1
8,4,Dozen 1,Black,Even,Low,Column 1
9,19,Dozen 2,Red,Odd,High,Column 1
10,29,Dozen 3,Black,Odd,High,Column 2
11,30,Dozen 3,Red,Even,High,Column 3
12,27,Dozen 3,Red,Odd,High,Column 3
13,5,Dozen 1,Red,Odd,Low,Column 2
14,11,Dozen 1,Black,Odd,Low,Column 2
15,2,Dozen 1,Black,Even,Low,Column 2
16,32,Dozen 3,Red,Even,High,Column 2
17,29,Dozen 3,Black,Odd,High,Column 2
18,28,Dozen 3,Black,Even,High,Column 1
19,2,Dozen 1,Black,Even,Low,Column 2
20,8,Dozen 1,Black,Even,Low,Column 2
21,14,Dozen 2,Red,Even,Low,Column 2
22,11,Dozen 1,Black,Odd,Low,Column 2
23,18,Dozen 2,Red,Even,Low,Column 3
24,16,Dozen 2,Red,Even,Low,Column 1
25,36,Dozen 3,Red,Even,High,Column 3
26,27,Dozen 3,Red,Odd,High,Column 3
27,16,Dozen 2,Red,Even,Low,Column 1
28,5,Dozen 1,Red,Odd,Low,Column 2
29,22,Dozen 2,Black,Even,High,Column 1
30,24,Dozen 2,Black,Even,High,Column 3
31,33,Dozen 3,Black,Odd,High,Column 3
32,25,Dozen 3,Red,Odd,High,Column 1
33,24,Dozen 2,Black,Even,High,Column 3
34,35,Dozen 3,Black,Odd,High,Column 2
35,33,Dozen 3,Black,Odd,High,Column 3
36,36,Dozen 3,Red,Even,High,Column 3
37,7,Dozen 1,Red,Odd,Low,Column 1
38,14,Dozen 2,Red,Even,Low,Column 2
39,23,Dozen 2,Red,Odd,High,Column 2
40,17,Dozen 2,Black,Odd,Low,Column 2
41,9,Dozen 1,Red,Odd,Low,Column 3
42,27,Dozen 3,Red,Odd,High,Column 3
43,7,Dozen 1,Red,Odd,Low,Column 1
44,6,Dozen 1,Black,Even,Low,Column 3
45,5,Dozen 1,Red,Odd,Low,Column 2
46,35,Dozen 3,Black,Odd,High,Column 2
47,18,Dozen 2,Red,Even,Low,Column 3
48,5,Dozen 1,Red,Odd,Low,Column 2
49,0,0,0,0,0,0
50,19,Dozen 2,Red,Odd,High,Column 1
51,23,Dozen 2,Red,Odd,High,Column 2
52,1,Dozen 1,Red,Odd,Low,Column 1
53,5,Dozen 1,Red,Odd,Low,Column 2
54,35,Dozen 3,Black,Odd,High,Column 2
55,21,Dozen 2,Red,Odd,High,Column 3
56,30,Dozen 3,Red,Even,High,Column 3
57,30,Dozen 3,Red,Even,High,Column 3
58,27,Dozen 3,Red,Odd,High,Column 3
59,5,Dozen 1,Red,Odd,Low,Column 2
60,7,Dozen 1,Red,Odd,Low,Column 1
61,12,Dozen 1,Red,Even,Low,Column 3
62,31,Dozen 3,Black,Odd,High,Column 1
63,30,Dozen 3,Red,Even,High,Column 3
64,18,Dozen 2,Red,Even,Low,Column 3
65,34,Dozen 3,Red,Even,High,Column 1
66,17,Dozen 2,Black,Odd,Low,Column 2
67,34,Dozen 3,Red,Even,High,Column 1
68,4,Dozen 1,Black,Even,Low,Column 1
69,7,Dozen 1,Red,Odd,Low,Column 1
70,7,Dozen 1,Red,Odd,Low,Column 1
71,4,Dozen 1,Black,Even,Low,Column 1
72,13,Dozen 2,Black,Odd,Low,Column 1
73,21,Dozen 2,Red,Odd,High,Column 3
74,15,Dozen 2,Black,Odd,Low,Column 3
75,9,Dozen 1,Red,Odd,Low,Column 3
76,34,Dozen 3,Red,Even,High,Column 1
77,12,Dozen 1,Red,Even,Low,Column 3
78,0,0,0,0,0,0
79,19,Dozen 2,Red,Odd,High,Column 1
80,6,Dozen 1,Black,Even,Low,Column 3
81,0,0,0,0,0,0
82,28,Dozen 3,Black,Even,High,Column 1
83,13,Dozen 2,Black,Odd,Low,Column 1
84,30,Dozen 3,Red,Even,High,Column 3
85,22,Dozen 2,Black,Even,High,Column 1
86,8,Dozen 1,Black,Even,Low,Column 2
87,24,Dozen 2,Black,Even,High,Column 3
88,8,Dozen 1,Black,Even,Low,Column 2
89,27,Dozen 3,Red,Odd,High,Column 3
90,32,Dozen 3,Red,Even,High,Column 2
91,32,Dozen 3,Red,Even,High,Column 2
92,30,Dozen 3,Red,Even,High,Column 3
93,11,Dozen 1,Black,Odd,Low,Column 2
94,20,Dozen 2,Black,Even,High,Column 2
95,28,Dozen 3,Black,Even,High,Column 1
96,33,Dozen 3,Black,Odd,High,Column 3
97,17,Dozen 2,Black,Odd,Low,Column 2
98,1,Dozen 1,Red,Odd,Low,Column 1
99,31,Dozen 3,Black,Odd,High,Column 1
100,25,Dozen 3,Red,Odd,High,Column 1
101,8,Dozen 1,Black,Even,Low,Column 2
102,12,Dozen 1,Red,Even,Low,Column 3
103,5,Dozen 1,Red,Odd,Low,Column 2
104,12,Dozen 1,Red,Even,Low,Column 3
105,14,Dozen 2,Red,Even,Low,Column 2
106,3,Dozen 1,Red,Odd,Low,Column 3
107,19,Dozen 2,Red,Odd,High,Column 1
108,20,Dozen 2,Black,Even,High,Column 2
109,16,Dozen 2,Red,Even,Low,Column 1
110,6,Dozen 1,Black,Even,Low,Column 3
111,17,Dozen 2,Black,Odd,Low,Column 2
112,29,Dozen 3,Black,Odd,High,Column 2
113,6,Dozen 1,Black,Even,Low,Column 3
114,33,Dozen 3,Black,Odd,High,Column 3
115,17,Dozen 2,Black,Odd,Low,Column 2
116,19,Dozen 2,Red,Odd,High,Column 1
117,31,Dozen 3,Black,Odd,High,Column 1
118,1,Dozen 1,Red,Odd,Low,Column 1
119,8,Dozen 1,Black,Even,Low,Column 2
120,16,Dozen 2,Red,Even,Low,Column 1
121,3,Dozen 1,Red,Odd,Low,Column 3
122,25,Dozen 3,Red,Odd,High,Column 1
123,2,Dozen 1,Black,Even,Low,Column 2
124,21,Dozen 2,Red,Odd,High,Column 3
125,1,Dozen 1,Red,Odd,Low,Column 1
126,27,Dozen 3,Red,Odd,High,Column 3
127,25,Dozen 3,Red,Odd,High,Column 1
128,10,Dozen 1,Black,Even,Low,Column 1
129,9,Dozen 1,Red,Odd,Low,Column 3
130,30,Dozen 3,Red,Even,High,Column 3
131,30,Dozen 3,Red,Even,High,Column 3
132,36,Dozen 3,Red,Even,High,Column 3
133,1,Dozen 1,Red,Odd,Low,Column 1
134,28,Dozen 3,Black,Even,High,Column 1
135,26,Dozen 3,Black,Even,High,Column 2
136,20,Dozen 2,Black,Even,High,Column 2
137,12,Dozen 1,Red,Even,Low,Column 3
138,21,Dozen 2,Red,Odd,High,Column 3
139,22,Dozen 2,Black,Even,High,Column 1
140,31,Dozen 3,Black,Odd,High,Column 1
141,31,Dozen 3,Black,Odd,High,Column 1
142,21,Dozen 2,Red,Odd,High,Column 3
143,10,Dozen 1,Black,Even,Low,Column 1
144,11,Dozen 1,Black,Odd,Low,Column 2
145,35,Dozen 3,Black,Odd,High,Column 2
146,6,Dozen 1,Black,Even,Low,Column 3
147,3,Dozen 1,Red,Odd,Low,Column 3
148,19,Dozen 2,Red,Odd,High,Column 1
149,21,Dozen 2,Red,Odd,High,Column 3
150,24,Dozen 2,Black,Even,High,Column 3
151,20,Dozen 2,Black,Even,High,Column 2
152,1,Dozen 1,Red,Odd,Low,Column 1
153,27,Dozen 3,Red,Odd,High,Column 3
154,18,Dozen 2,Red,Even,Low,Column 3
155,28,Dozen 3,Black,Even,High,Column 1
156,33,Dozen 3,Black,Odd,High,Column 3
157,20,Dozen 2,Black,Even,High,Column 2
158,9,Dozen 1,Red,Odd,Low,Column 3
159,19,Dozen 2,Red,Odd,High,Column 1
160,5,Dozen 1,Red,Odd,Low,Column 2
161,16,Dozen 2,Red,Even,Low,Column 1
162,9,Dozen 1,Red,Odd,Low,Column 3
163,21,Dozen 2,Red,Odd,High,Column 3
164,33,Dozen 3,Black,Odd,High,Column 3
165,14,Dozen 2,Red,Even,Low,Column 2
166,22,Dozen 2,Black,Even,High,Column 1
167,36,Dozen 3,Red,Even,High,Column 3
168,34,Dozen 3,Red,Even,High,Column 1
169,33,Dozen 3,Black,Odd,High,Column 3
170,6,Dozen 1,Black,Even,Low,Column 3
171,29,Dozen 3,Black,Odd,High,Column 2
172,14,Dozen 2,Red,Even,Low,Column 2
173,7,Dozen 1,Red,Odd,Low,Column 1
174,12,Dozen 1,Red,Even,Low,Column 3
175,23,Dozen 2,Red,Odd,High,Column 2
176,9,Dozen 1,Red,Odd,Low,Column 3
177,9,Dozen 1,Red,Odd,Low,Column 3
178,35,Dozen 3,Black,Odd,High,Column 2
179,12,Dozen 1,Red,Even,Low,Column 3
180,14,Dozen 2,Red,Even,Low,Column 2
181,30,Dozen 3,Red,Even,High,Column 3
182,26,Dozen 3,Black,Even,High,Column 2
183,8,Dozen 1,Black,Even,Low,Column 2
184,24,Dozen 2,Black,Even,High,Column 3
185,36,Dozen 3,Red,Even,High,Column 3
186,35,Dozen 3,Black,Odd,High,Column 2
187,3,Dozen 1,Red,Odd,Low,Column 3
188,31,Dozen 3,Black,Odd,High,Column 1
189,8,Dozen 1,Black,Even,Low,Column 2
190,28,Dozen 3,Black,Even,High,Column 1
191,36,Dozen 3,Red,Even,High,Column 3
192,0,0,0,0,0,0
193,20,Dozen 2,Black,Even,High,Column 2
194,17,Dozen 2,Black,Odd,Low,Column 2
195,19,Dozen 2,Red,Odd,High,Column 1
196,13,Dozen 2,Black,Odd,Low,Column 1
197,15,Dozen 2,Black,Odd,Low,Column 3
198,3,Dozen 1,Red,Odd,Low,Column 3
199,33,Dozen 3,Black,Odd,High,Column 3
200,9,Dozen 1,Red,Odd,Low,Column 3
201,3,Dozen 1,Red,Odd,Low,Column 3
202,25,Dozen 3,Red,Odd,High,Column 1
203,12,Dozen 1,Red,Even,Low,Column 3
204,26,Dozen 3,Black,Even,High,Column 2
205,2,Dozen 1,Black,Even,Low,Column 2
206,32,Dozen 3,Red,Even,High,Column 2
207,0,0,0,0,0,0
208,29,Dozen 3,Black,Odd,High,Column 2
209,4,Dozen 1,Black,Even,Low,Column 1
210,3,Dozen 1,Red,Odd,Low,Column 3
211,33,Dozen 3,Black,Odd,High,Column 3
212,14,Dozen 2,Red,Even,Low,Column 2
213,6,Dozen 1,Black,Even,Low,Column 3
214,18,Dozen 2,Red,Even,Low,Column 3
215,36,Dozen 3,Red,Even,High,Column 3
216,34,Dozen 3,Red,Even,High,Column 1
217,2,Dozen 1,Black,Even,Low,Column 2
218,27,Dozen 3,Red,Odd,High,Column 3
219,19,Dozen 2,Red,Odd,High,Column 1
220,4,Dozen 1,Black,Even,Low,Column 1
221,21,Dozen 2,Red,Odd,High,Column 3
222,11,Dozen 1,Black,Odd,Low,Column 2
223,7,Dozen 1,Red,Odd,Low,Column 1
224,12,Dozen 1,Red,Even,Low,Column 3
225,23,Dozen 2,Red,Odd,High,Column 2
226,32,Dozen 3,Red,Even,High,Column 2
227,17,Dozen 2,Black,Odd,Low,Column 2
228,2,Dozen 1,Black,Even,Low,Column 2
229,32,Dozen 3,Red,Even,High,Column 2
230,27,Dozen 3,Red,Odd,High,Column 3
231,18,Dozen 2,Red,Even,Low,Column 3
232,8,Dozen 1,Black,Even,Low,Column 2
233,5,Dozen 1,Red,Odd,Low,Column 2
234,15,Dozen 2,Black,Odd,Low,Column 3
235,13,Dozen 2,Black,Odd,Low,Column 1
236,7,Dozen 1,Red,Odd,Low,Column 1
237,26,Dozen 3,Black,Even,High,Column 2
238,15,Dozen 2,Black,Odd,Low,Column 3
239,1,Dozen 1,Red,Odd,Low,Column 1
240,13,Dozen 2,Black,Odd,Low,Column 1
241,8,Dozen 1,Black,Even,Low,Column 2
242,27,Dozen 3,Red,Odd,High,Column 3
243,22,Dozen 2,Black,Even,High,Column 1
244,27,Dozen 3,Red,Odd,High,Column 3
245,1,Dozen 1,Red,Odd,Low,Column 1
246,28,Dozen 3,Black,Even,High,Column 1
247,31,Dozen 3,Black,Odd,High,Column 1
248,0,0,0,0,0,0
249,24,Dozen 2,Black,Even,High,Column 3
250,22,Dozen 2,Black,Even,High,Column 1
251,26,Dozen 3,Black,Even,High,Column 2
252,9,Dozen 1,Red,Odd,Low,Column 3
253,12,Dozen 1,Red,Even,Low,Column 3
254,23,Dozen 2,Red,Odd,High,Column 2
255,14,Dozen 2,Red,Even,Low,Column 2
256,14,Dozen 2,Red,Even,Low,Column 2
257,20,Dozen 2,Black,Even,High,Column 2
258,15,Dozen 2,Black,Odd,Low,Column 3
259,8,Dozen 1,Black,Even,Low,Column 2
260,36,Dozen 3,Red,Even,High,Column 3
261,19,Dozen 2,Red,Odd,High,Column 1
262,4,Dozen 1,Black,Even,Low,Column 1
263,36,Dozen 3,Red,Even,High,Column 3
264,34,Dozen 3,Red,Even,High,Column 1
265,10,Dozen 1,Black,Even,Low,Column 1
266,16,Dozen 2,Red,Even,Low,Column 1
267,17,Dozen 2,Black,Odd,Low,Column 2
268,1,Dozen 1,Red,Odd,Low,Column 1
269,7,Dozen 1,Red,Odd,Low,Column 1
270,36,Dozen 3,Red,Even,High,Column 3
271,12,Dozen 1,Red,Even,Low,Column 3
272,10,Dozen 1,Black,Even,Low,Column 1
273,19,Dozen 2,Red,Odd,High,Column 1
274,16,Dozen 2,Red,Even,Low,Column 1
275,31,Dozen 3,Black,Odd,High,Column 1
276,19,Dozen 2,Red,Odd,High,Column 1
277,23,Dozen 2,Red,Odd,High,Column 2
278,24,Dozen 2,Black,Even,High,Column 3
279,14,Dozen 2,Red,Even,Low,Column 2
280,26,Dozen 3,Black,Even,High,Column 2
281,13,Dozen 2,Black,Odd,Low,Column 1
282,5,Dozen 1,Red,Odd,Low,Column 2
283,7,Dozen 1,Red,Odd,Low,Column 1
284,9,Dozen 1,Red,Odd,Low,Column 3
285,28,Dozen 3,Black,Even,High,Column 1
286,34,Dozen 3,Red,Even,High,Column 1
287,35,Dozen 3,Black,Odd,High,Column 2
288,22,Dozen 2,Black,Even,High,Column 1
289,9,Dozen 1,Red,Odd,Low,Column 3
290,16,Dozen 2,Red,Even,Low,Column 1
291,28,Dozen 3,Black,Even,High,Column 1
292,1,Dozen 1,Red,Odd,Low,Column 1
293,10,Dozen 1,Black,Even,Low,Column 1
294,11,Dozen 1,Black,Odd,Low,Column 2
295,23,Dozen 2,Red,Odd,High,Column 2
296,11,Dozen 1,Black,Odd,Low,Column 2
297,30,Dozen 3,Red,Even,High,Column 3
298,9,Dozen 1,Red,Odd,Low,Column 3
299,21,Dozen 2,Red,Odd,High,Column 3
300,29,Dozen 3,Black,Odd,High,Column 2
301,16,Dozen 2,Red,Even,Low,Column 1
302,4,Dozen 1,Black,Even,Low,Column 1
303,0,0,0,0,0,0
304,13,Dozen 2,Black,Odd,Low,Column 1
305,36,Dozen 3,Red,Even,High,Column 3
306,2,Dozen 1,Black,Even,Low,Column 2
307,5,Dozen 1,Red,Odd,Low,Column 2
308,15,Dozen 2,Black,Odd,Low,Column 3
309,22,Dozen 2,Black,Even,High,Column 1
310,24,Dozen 2,Black,Even,High,Column 3
311,13,Dozen 2,Black,Odd,Low,Column 1
312,32,Dozen 3,Red,Even,High,Column 2
313,7,Dozen 1,Red,Odd,Low,Column 1
314,16,Dozen 2,Red,Even,Low,Column 1
315,32,Dozen 3,Red,Even,High,Column 2
316,18,Dozen 2,Red,Even,Low,Column 3
317,32,Dozen 3,Red,Even,High,Column 2
318,31,Dozen 3,Black,Odd,High,Column 1
319,19,Dozen 2,Red,Odd,High,Column 1
320,19,Dozen 2,Red,Odd,High,Column 1
321,6,Dozen 1,Black,Even,Low,Column 3
322,32,Dozen 3,Red,Even,High,Column 2
323,17,Dozen 2,Black,Odd,Low,Column 2
324,14,Dozen 2,Red,Even,Low,Column 2
325,36,Dozen 3,Red,Even,High,Column 3
326,1,Dozen 1,Red,Odd,Low,Column 1
327,8,Dozen 1,Black,Even,Low,Column 2
328,27,Dozen 3,Red,Odd,High,Column 3
329,33,Dozen 3,Black,Odd,High,Column 3
330,1,Dozen 1,Red,Odd,Low,Column 1
331,3,Dozen 1,Red,Odd,Low,Column 3
332,16,Dozen 2,Red,Even,Low,Column 1
333,23,Dozen 2,Red,Odd,High,Column 2
334,16,Dozen 2,Red,Even,Low,Column 1
335,26,Dozen 3,Black,Even,High,Column 2
336,19,Dozen 2,Red,Odd,High,Column 1
337,8,Dozen 1,Black,Even,Low,Column 2
338,17,Dozen 2,Black,Odd,Low,Column 2
339,16,Dozen 2,Red,Even,Low,Column 1
340,21,Dozen 2,Red,Odd,High,Column 3
341,14,Dozen 2,Red,Even,Low,Column 2
342,30,Dozen 3,Red,Even,High,Column 3
343,6,Dozen 1,Black,Even,Low,Column 3
344,22,Dozen 2,Black,Even,High,Column 1
345,2,Dozen 1,Black,Even,Low,Column 2
346,25,Dozen 3,Red,Odd,High,Column 1
347,0,0,0,0,0,0
348,26,Dozen 3,Black,Even,High,Column 2
349,21,Dozen 2,Red,Odd,High,Column 3
350,3,Dozen 1,Red,Odd,Low,Column 3
351,7,Dozen 1,Red,Odd,Low,Column 1
352,28,Dozen 3,Black,Even,High,Column 1
353,22,Dozen 2,Black,Even,High,Column 1
354,21,Dozen 2,Red,Odd,High,Column 3
355,30,Dozen 3,Red,Even,High,Column 3
356,36,Dozen 3,Red,Even,High,Column 3
357,15,Dozen 2,Black,Odd,Low,Column 3
358,13,Dozen 2,Black,Odd,Low,Column 1
359,7,Dozen 1,Red,Odd,Low,Column 1
360,31,Dozen 3,Black,Odd,High,Column 1
361,23,Dozen 2,Red,Odd,High,Column 2
362,36,Dozen 3,Red,Even,High,Column 3
363,12,Dozen 1,Red,Even,Low,Column 3
364,32,Dozen 3,Red,Even,High,Column 2
365,3,Dozen 1,Red,Odd,Low,Column 3
366,12,Dozen 1,Red,Even,Low,Column 3
367,15,Dozen 2,Black,Odd,Low,Column 3
368,31,Dozen 3,Black,Odd,High,Column 1
369,25,Dozen 3,Red,Odd,High,Column 1
370,33,Dozen 3,Black,Odd,High,Column 3
371,10,Dozen 1,Black,Even,Low,Column 1
372,11,Dozen 1,Black,Odd,Low,Column 2
373,10,Dozen 1,Black,Even,Low,Column 1
374,19,Dozen 2,Red,Odd,High,Column 1
375,21,Dozen 2,Red,Odd,High,Column 3
376,31,Dozen 3,Black,Odd,High,Column 1
377,3,Dozen 1,Red,Odd,Low,Column 3
378,28,Dozen 3,Black,Even,High,Column 1
379,15,Dozen 2,Black,Odd,Low,Column 3
380,24,Dozen 2,Black,Even,High,Column 3
381,28,Dozen 3,Black,Even,High,Column 1
382,2,Dozen 1,Black,Even,Low,Column 2
383,29,Dozen 3,Black,Odd,High,Column 2
384,21,Dozen 2,Red,Odd,High,Column 3
385,5,Dozen 1,Red,Odd,Low,Column 2
386,8,Dozen 1,Black,Even,Low,Column 2
387,36,Dozen 3,Red,Even,High,Column 3
388,2,Dozen 1,Black,Even,Low,Column 2
389,13,Dozen 2,Black,Odd,Low,Column 1
390,31,Dozen 3,Black,Odd,High,Column 1
391,27,Dozen 3,Red,Odd,High,Column 3
392,34,Dozen 3,Red,Even,High,Column 1
393,26,Dozen 3,Black,Even,High,Column 2
394,30,Dozen 3,Red,Even,High,Column 3
395,30,Dozen 3,Red,Even,High,Column 3
396,23,Dozen 2,Red,Odd,High,Column 2
397,1,Dozen 1,Red,Odd,Low,Column 1
398,23,Dozen 2,Red,Odd,High,Column 2
399,3,Dozen 1,Red,Odd,Low,Column 3
400,3,Dozen 1,Red,Odd,Low,Column 3
401,21,Dozen 2,Red,Odd,High,Column 3
402,30,Dozen 3,Red,Even,High,Column 3
403,12,Dozen 1,Red,Even,Low,Column 3
404,11,Dozen 1,Black,Odd,Low,Column 2
405,33,Dozen 3,Black,Odd,High,Column 3
406,19,Dozen 2,Red,Odd,High,Column 1
407,13,Dozen 2,Black,Odd,Low,Column 1
408,12,Dozen 1,Red,Even,Low,Column 3
409,36,Dozen 3,Red,Even,High,Column 3
410,26,Dozen 3,Black,Even,High,Column 2
411,0,0,0,0,0,0
412,21,Dozen 2,Red,Odd,High,Column 3
413,32,Dozen 3,Red,Even,High,Column 2
414,31,Dozen 3,Black,Odd,High,Column 1
415,27,Dozen 3,Red,Odd,High,Column 3
416,33,Dozen 3,Black,Odd,High,Column 3
417,2,Dozen 1,Black,Even,Low,Column 2
418,21,Dozen 2,Red,Odd,High,Column 3
419,6,Dozen 1,Black,Even,Low,Column 3
420,5,Dozen 1,Red,Odd,Low,Column 2
421,8,Dozen 1,Black,Even,Low,Column 2
422,8,Dozen 1,Black,Even,Low,Column 2
423,31,Dozen 3,Black,Odd,High,Column 1
424,12,Dozen 1,Red,Even,Low,Column 3
425,25,Dozen 3,Red,Odd,High,Column 1
426,4,Dozen 1,Black,Even,Low,Column 1
427,33,Dozen 3,Black,Odd,High,Column 3
428,17,Dozen 2,Black,Odd,Low,Column 2
429,28,Dozen 3,Black,Even,High,Column 1
430,28,Dozen 3,Black,Even,High,Column 1
431,29,Dozen 3,Black,Odd,High,Column 2
432,31,Dozen 3,Black,Odd,High,Column 1
433,11,Dozen 1,Black,Odd,Low,Column 2
434,12,Dozen 1,Red,Even,Low,Column 3
435,5,Dozen 1,Red,Odd,Low,Column 2
436,23,Dozen 2,Red,Odd,High,Column 2
437,15,Dozen 2,Black,Odd,Low,Column 3
438,35,Dozen 3,Black,Odd,High,Column 2
439,18,Dozen 2,Red,Even,Low,Column 3
440,4,Dozen 1,Black,Even,Low,Column 1
441,26,Dozen 3,Black,Even,High,Column 2
442,0,0,0,0,0,0
443,9,Dozen 1,Red,Odd,Low,Column 3
444,17,Dozen 2,Black,Odd,Low,Column 2
445,34,Dozen 3,Red,Even,High,Column 1
446,21,Dozen 2,Red,Odd,High,Column 3
447,8,Dozen 1,Black,Even,Low,Column 2
448,31,Dozen 3,Black,Odd,High,Column 1
449,0,0,0,0,0,0
450,15,Dozen 2,Black,Odd,Low,Column 3
451,34,Dozen 3,Red,Even,High,Column 1
452,34,Dozen 3,Red,Even,High,Column 1
453,23,Dozen 2,Red,Odd,High,Column 2
454,8,Dozen 1,Black,Even,Low,Column 2
455,28,Dozen 3,Black,Even,High,Column 1
456,8,Dozen 1,Black,Even,Low,Column 2
457,27,Dozen 3,Red,Odd,High,Column 3
458,29,Dozen 3,Black,Odd,High,Column 2
459,18,Dozen 2,Red,Even,Low,Column 3
460,0,0,0,0,0,0
461,2,Dozen 1,Black,Even,Low,Column 2
462,35,Dozen 3,Black,Odd,High,Column 2
463,10,Dozen 1,Black,Even,Low,Column 1
464,16,Dozen 2,Red,Even,Low,Column 1
465,4,Dozen 1,Black,Even,Low,Column 1
466,27,Dozen 3,Red,Odd,High,Column 3
467,7,Dozen 1,Red,Odd,Low,Column 1
468,21,Dozen 2,Red,Odd,High,Column 3
469,18,Dozen 2,Red,Even,Low,Column 3
470,18,Dozen 2,Red,Even,Low,Column 3
471,31,Dozen 3,Black,Odd,High,Column 1
472,11,Dozen 1,Black,Odd,Low,Column 2
473,21,Dozen 2,Red,Odd,High,Column 3
474,35,Dozen 3,Black,Odd,High,Column 2
475,4,Dozen 1,Black,Even,Low,Column 1
476,19,Dozen 2,Red,Odd,High,Column 1
477,15,Dozen 2,Black,Odd,Low,Column 3
478,11,Dozen 1,Black,Odd,Low,Column 2
479,0,0,0,0,0,0
480,30,Dozen 3,Red,Even,High,Column 3
481,7,Dozen 1,Red,Odd,Low,Column 1
482,7,Dozen 1,Red,Odd,Low,Column 1
483,6,Dozen 1,Black,Even,Low,Column 3
484,0,0,0,0,0,0
485,28,Dozen 3,Black,Even,High,Column 1
486,34,Dozen 3,Red,Even,High,Column 1
487,17,Dozen 2,Black,Odd,Low,Column 2
488,1,Dozen 1,Red,Odd,Low,Column 1
489,34,Dozen 3,Red,Even,High,Column 1
490,23,Dozen 2,Red,Odd,High,Column 2
491,12,Dozen 1,Red,Even,Low,Column 3
492,13,Dozen 2,Black,Odd,Low,Column 1
493,19,Dozen 2,Red,Odd,High,Column 1
494,6,Dozen 1,Black,Even,Low,Column 3
495,25,Dozen 3,Red,Odd,High,Column 1
496,19,Dozen 2,Red,Odd,High,Column 1
497,14,Dozen 2,Red,Even,Low,Column 2
498,31,Dozen 3,Black,Odd,High,Column 1
499,36,Dozen 3,Red,Even,High,Column 3
500,32,Dozen 3,Red,Even,High,Column 2
501,35,Dozen 3,Black,Odd,High,Column 2
502,26,Dozen 3,Black,Even,High,Column 2
503,28,Dozen 3,Black,Even,High,Column 1
504,12,Dozen 1,Red,Even,Low,Column 3
505,5,Dozen 1,Red,Odd,Low,Column 2
506,15,Dozen 2,Black,Odd,Low,Column 3
507,11,Dozen 1,Black,Odd,Low,Column 2
508,20,Dozen 2,Black,Even,High,Column 2
509,9,Dozen 1,Red,Odd,Low,Column 3
510,7,Dozen 1,Red,Odd,Low,Column 1
511,11,Dozen 1,Black,Odd,Low,Column 2
512,20,Dozen 2,Black,Even,High,Column 2
513,4,Dozen 1,Black,Even,Low,Column 1
514,26,Dozen 3,Black,Even,High,Column 2
515,18,Dozen 2,Red,Even,Low,Column 3
516,18,Dozen 2,Red,Even,Low,Column 3
517,18,Dozen 2,Red,Even,Low,Column 3
518,4,Dozen 1,Black,Even,Low,Column 1
519,19,Dozen 2,Red,Odd,High,Column 1
520,6,Dozen 1,Black,Even,Low,Column 3
521,15,Dozen 2,Black,Odd,Low,Column 3
522,14,Dozen 2,Red,Even,Low,Column 2
523,9,Dozen 1,Red,Odd,Low,Column 3
524,13,Dozen 2,Black,Odd,Low,Column 1
525,24,Dozen 2,Black,Even,High,Column 3
526,1,Dozen 1,Red,Odd,Low,Column 1
527,7,Dozen 1,Red,Odd,Low,Column 1
528,14,Dozen 2,Red,Even,Low,Column 2
529,31,Dozen 3,Black,Odd,High,Column 1
530,33,Dozen 3,Black,Odd,High,Column 3
531,18,Dozen 2,Red,Even,Low,Column 3
532,17,Dozen 2,Black,Odd,Low,Column 2
533,9,Dozen 1,Red,Odd,Low,Column 3
534,31,Dozen 3,Black,Odd,High,Column 1
535,32,Dozen 3,Red,Even,High,Column 2
536,0,0,0,0,0,0
537,5,Dozen 1,Red,Odd,Low,Column 2
538,14,Dozen 2,Red,Even,Low,Column 2
539,14,Dozen 2,Red,Even,Low,Column 2
540,32,Dozen 3,Red,Even,High,Column 2
541,27,Dozen 3,Red,Odd,High,Column 3
542,20,Dozen 2,Black,Even,High,Column 2
543,16,Dozen 2,Red,Even,Low,Column 1
544,26,Dozen 3,Black,Even,High,Column 2
545,21,Dozen 2,Red,Odd,High,Column 3
546,14,Dozen 2,Red,Even,Low,Column 2
547,30,Dozen 3,Red,Even,High,Column 3
548,29,Dozen 3,Black,Odd,High,Column 2
549,32,Dozen 3,Red,Even,High,Column 2
550,17,Dozen 2,Black,Odd,Low,Column 2
551,20,Dozen 2,Black,Even,High,Column 2
552,16,Dozen 2,Red,Even,Low,Column 1
553,6,Dozen 1,Black,Even,Low,Column 3
554,6,Dozen 1,Black,Even,Low,Column 3
555,9,Dozen 1,Red,Odd,Low,Column 3
556,24,Dozen 2,Black,Even,High,Column 3
557,23,Dozen 2,Red,Odd,High,Column 2
558,2,Dozen 1,Black,Even,Low,Column 2
559,21,Dozen 2,Red,Odd,High,Column 3
560,1,Dozen 1,Red,Odd,Low,Column 1
561,18,Dozen 2,Red,Even,Low,Column 3
562,22,Dozen 2,Black,Even,High,Column 1
563,1,Dozen 1,Red,Odd,Low,Column 1
564,11,Dozen 1,Black,Odd,Low,Column 2
565,24,Dozen 2,Black,Even,High,Column 3
566,25,Dozen 3,Red,Odd,High,Column 1
567,9,Dozen 1,Red,Odd,Low,Column 3
568,8,Dozen 1,Black,Even,Low,Column 2
569,12,Dozen 1,Red,Even,Low,Column 3
570,11,Dozen 1,Black,Odd,Low,Column 2
571,29,Dozen 3,Black,Odd,High,Column 2
572,27,Dozen 3,Red,Odd,High,Column 3
573,15,Dozen 2,Black,Odd,Low,Column 3
574,7,Dozen 1,Red,Odd,Low,Column 1
575,18,Dozen 2,Red,Even,Low,Column 3
576,19,Dozen 2,Red,Odd,High,Column 1
577,24,Dozen 2,Black,Even,High,Column 3
578,1,Dozen 1,Red,Odd,Low,Column 1
579,14,Dozen 2,Red,Even,Low,Column 2
580,0,0,0,0,0,0
581,18,Dozen 2,Red,Even,Low,Column 3
582,25,Dozen 3,Red,Odd,High,Column 1
583,10,Dozen 1,Black,Even,Low,Column 1
584,6,Dozen 1,Black,Even,Low,Column 3
585,1,Dozen 1,Red,Odd,Low,Column 1
586,13,Dozen 2,Black,Odd,Low,Column 1
587,7,Dozen 1,Red,Odd,Low,Column 1
588,6,Dozen 1,Black,Even,Low,Column 3
589,30,Dozen 3,Red,Even,High,Column 3
590,17,Dozen 2,Black,Odd,Low,Column 2
591,35,Dozen 3,Black,Odd,High,Column 2
592,8,Dozen 1,Black,Even,Low,Column 2
593,16,Dozen 2,Red,Even,Low,Column 1
594,29,Dozen 3,Black,Odd,High,Column 2
595,10,Dozen 1,Black,Even,Low,Column 1
596,16,Dozen 2,Red,Even,Low,Column 1
597,19,Dozen 2,Red,Odd,High,Column 1
598,22,Dozen 2,Black,Even,High,Column 1
599,5,Dozen 1,Red,Odd,Low,Column 2
600,30,Dozen 3,Red,Even,High,Column 3
601,13,Dozen 2,Black,Odd,Low,Column 1
602,24,Dozen 2,Black,Even,High,Column 3
603,7,Dozen 1,Red,Odd,Low,Column 1
604,3,Dozen 1,Red,Odd,Low,Column 3
605,3,Dozen 1,Red,Odd,Low,Column 3
606,21,Dozen 2,Red,Odd,High,Column 3
607,23,Dozen 2,Red,Odd,High,Column 2
608,15,Dozen 2,Black,Odd,Low,Column 3
609,32,Dozen 3,Red,Even,High,Column 2
610,10,Dozen 1,Black,Even,Low,Column 1
611,7,Dozen 1,Red,Odd,Low,Column 1
612,19,Dozen 2,Red,Odd,High,Column 1
613,35,Dozen 3,Black,Odd,High,Column 2
614,22,Dozen 2,Black,Even,High,Column 1
615,5,Dozen 1,Red,Odd,Low,Column 2
616,12,Dozen 1,Red,Even,Low,Column 3
617,33,Dozen 3,Black,Odd,High,Column 3
618,1,Dozen 1,Red,Odd,Low,Column 1
619,28,Dozen 3,Black,Even,High,Column 1
620,25,Dozen 3,Red,Odd,High,Column 1
621,17,Dozen 2,Black,Odd,Low,Column 2
622,21,Dozen 2,Red,Odd,High,Column 3
623,18,Dozen 2,Red,Even,Low,Column 3
624,34,Dozen 3,Red,Even,High,Column 1
625,33,Dozen 3,Black,Odd,High,Column 3
626,33,Dozen 3,Black,Odd,High,Column 3
627,2,Dozen 1,Black,Even,Low,Column 2
628,28,Dozen 3,Black,Even,High,Column 1
629,30,Dozen 3,Red,Even,High,Column 3
630,23,Dozen 2,Red,Odd,High,Column 2
631,13,Dozen 2,Black,Odd,Low,Column 1
632,24,Dozen 2,Black,Even,High,Column 3
633,10,Dozen 1,Black,Even,Low,Column 1
634,23,Dozen 2,Red,Odd,High,Column 2
635,24,Dozen 2,Black,Even,High,Column 3
636,8,Dozen 1,Black,Even,Low,Column 2
637,11,Dozen 1,Black,Odd,Low,Column 2
638,16,Dozen 2,Red,Even,Low,Column 1
639,26,Dozen 3,Black,Even,High,Column 2
640,0,0,0,0,0,0
641,21,Dozen 2,Red,Odd,High,Column 3
642,28,Dozen 3,Black,Even,High,Column 1
643,2,Dozen 1,Black,Even,Low,Column 2
644,20,Dozen 2,Black,Even,High,Column 2
645,16,Dozen 2,Red,Even,Low,Column 1
646,36,Dozen 3,Red,Even,High,Column 3
647,15,Dozen 2,Black,Odd,Low,Column 3
648,9,Dozen 1,Red,Odd,Low,Column 3
649,28,Dozen 3,Black,Even,High,Column 1
650,6,Dozen 1,Black,Even,Low,Column 3
651,36,Dozen 3,Red,Even,High,Column 3
652,12,Dozen 1,Red,Even,Low,Column 3
653,28,Dozen 3,Black,Even,High,Column 1
654,21,Dozen 2,Red,Odd,High,Column 3
655,17,Dozen 2,Black,Odd,Low,Column 2
656,2,Dozen 1,Black,Even,Low,Column 2
657,8,Dozen 1,Black,Even,Low,Column 2
658,27,Dozen 3,Red,Odd,High,Column 3
659,35,Dozen 3,Black,Odd,High,Column 2
660,31,Dozen 3,Black,Odd,High,Column 1
661,7,Dozen 1,Red,Odd,Low,Column 1
662,27,Dozen 3,Red,Odd,High,Column 3
663,29,Dozen 3,Black,Odd,High,Column 2
664,18,Dozen 2,Red,Even,Low,Column 3
665,16,Dozen 2,Red,Even,Low,Column 1
666,29,Dozen 3,Black,Odd,High,Column 2
667,6,Dozen 1,Black,Even,Low,Column 3
668,6,Dozen 1,Black,Even,Low,Column 3
669,3,Dozen 1,Red,Odd,Low,Column 3
670,2,Dozen 1,Black,Even,Low,Column 2
671,10,Dozen 1,Black,Even,Low,Column 1
672,3,Dozen 1,Red,Odd,Low,Column 3
673,33,Dozen 3,Black,Odd,High,Column 3
674,12,Dozen 1,Red,Even,Low,Column 3
675,11,Dozen 1,Black,Odd,Low,Column 2
676,10,Dozen 1,Black,Even,Low,Column 1
677,17,Dozen 2,Black,Odd,Low,Column 2
678,24,Dozen 2,Black,Even,High,Column 3
679,13,Dozen 2,Black,Odd,Low,Column 1
680,15,Dozen 2,Black,Odd,Low,Column 3
681,13,Dozen 2,Black,Odd,Low,Column 1
682,8,Dozen 1,Black,Even,Low,Column 2
683,25,Dozen 3,Red,Odd,High,Column 1
684,30,Dozen 3,Red,Even,High,Column 3
685,6,Dozen 1,Black,Even,Low,Column 3
686,7,Dozen 1,Red,Odd,Low,Column 1
687,5,Dozen 1,Red,Odd,Low,Column 2
688,7,Dozen 1,Red,Odd,Low,Column 1
689,36,Dozen 3,Red,Even,High,Column 3
690,17,Dozen 2,Black,Odd,Low,Column 2
691,34,Dozen 3,Red,Even,High,Column 1
692,27,Dozen 3,Red,Odd,High,Column 3
693,5,Dozen 1,Red,Odd,Low,Column 2
694,12,Dozen 1,Red,Even,Low,Column 3
695,23,Dozen 2,Red,Odd,High,Column 2
696,31,Dozen 3,Black,Odd,High,Column 1
697,30,Dozen 3,Red,Even,High,Column 3
698,20,Dozen 2,Black,Even,High,Column 2
699,21,Dozen 2,Red,Odd,High,Column 3
700,24,Dozen 2,Black,Even,High,Column 3
701,1,Dozen 1,Red,Odd,Low,Column 1
702,10,Dozen 1,Black,Even,Low,Column 1
703,9,Dozen 1,Red,Odd,Low,Column 3
704,34,Dozen 3,Red,Even,High,Column 1
705,34,Dozen 3,Red,Even,High,Column 1
706,6,Dozen 1,Black,Even,Low,Column 3
707,36,Dozen 3,Red,Even,High,Column 3
708,27,Dozen 3,Red,Odd,High,Column 3
709,33,Dozen 3,Black,Odd,High,Column 3
710,35,Dozen 3,Black,Odd,High,Column 2
711,0,0,0,0,0,0
712,30,Dozen 3,Red,Even,High,Column 3
713,19,Dozen 2,Red,Odd,High,Column 1
714,22,Dozen 2,Black,Even,High,Column 1
715,25,Dozen 3,Red,Odd,High,Column 1
716,18,Dozen 2,Red,Even,Low,Column 3
717,20,Dozen 2,Black,Even,High,Column 2
718,20,Dozen 2,Black,Even,High,Column 2
719,16,Dozen 2,Red,Even,Low,Column 1
720,26,Dozen 3,Black,Even,High,Column 2
721,18,Dozen 2,Red,Even,Low,Column 3
722,36,Dozen 3,Red,Even,High,Column 3
723,12,Dozen 1,Red,Even,Low,Column 3
724,13,Dozen 2,Black,Odd,Low,Column 1
725,15,Dozen 2,Black,Odd,Low,Column 3
726,11,Dozen 1,Black,Odd,Low,Column 2
727,22,Dozen 2,Black,Even,High,Column 1
728,15,Dozen 2,Black,Odd,Low,Column 3
729,31,Dozen 3,Black,Odd,High,Column 1
730,14,Dozen 2,Red,Even,Low,Column 2
731,4,Dozen 1,Black,Even,Low,Column 1
732,6,Dozen 1,Black,Even,Low,Column 3
733,12,Dozen 1,Red,Even,Low,Column 3
734,9,Dozen 1,Red,Odd,Low,Column 3
735,12,Dozen 1,Red,Even,Low,Column 3
736,14,Dozen 2,Red,Even,Low,Column 2
737,34,Dozen 3,Red,Even,High,Column 1
738,15,Dozen 2,Black,Odd,Low,Column 3
739,13,Dozen 2,Black,Odd,Low,Column 1
740,4,Dozen 1,Black,Even,Low,Column 1
741,4,Dozen 1,Black,Even,Low,Column 1
742,3,Dozen 1,Red,Odd,Low,Column 3
743,7,Dozen 1,Red,Odd,Low,Column 1
744,31,Dozen 3,Black,Odd,High,Column 1
745,16,Dozen 2,Red,Even,Low,Column 1
746,22,Dozen 2,Black,Even,High,Column 1
747,22,Dozen 2,Black,Even,High,Column 1
748,31,Dozen 3,Black,Odd,High,Column 1
749,15,Dozen 2,Black,Odd,Low,Column 3
750,32,Dozen 3,Red,Even,High,Column 2
751,18,Dozen 2,Red,Even,Low,Column 3
752,36,Dozen 3,Red,Even,High,Column 3
753,5,Dozen 1,Red,Odd,Low,Column 2
754,33,Dozen 3,Black,Odd,High,Column 3
755,1,Dozen 1,Red,Odd,Low,Column 1
756,10,Dozen 1,Black,Even,Low,Column 1
757,8,Dozen 1,Black,Even,Low,Column 2
758,2,Dozen 1,Black,Even,Low,Column 2
759,36,Dozen 3,Red,Even,High,Column 3
760,17,Dozen 2,Black,Odd,Low,Column 2
761,22,Dozen 2,Black,Even,High,Column 1
762,6,Dozen 1,Black,Even,Low,Column 3
763,22,Dozen 2,Black,Even,High,Column 1
764,11,Dozen 1,Black,Odd,Low,Column 2
765,13,Dozen 2,Black,Odd,Low,Column 1
766,5,Dozen 1,Red,Odd,Low,Column 2
767,18,Dozen 2,Red,Even,Low,Column 3
768,4,Dozen 1,Black,Even,Low,Column 1
769,25,Dozen 3,Red,Odd,High,Column 1
770,14,Dozen 2,Red,Even,Low,Column 2
771,8,Dozen 1,Black,Even,Low,Column 2
772,16,Dozen 2,Red,Even,Low,Column 1
773,11,Dozen 1,Black,Odd,Low,Column 2
774,34,Dozen 3,Red,Even,High,Column 1
775,35,Dozen 3,Black,Odd,High,Column 2
776,10,Dozen 1,Black,Even,Low,Column 1
777,26,Dozen 3,Black,Even,High,Column 2
778,27,Dozen 3,Red,Odd,High,Column 3
779,35,Dozen 3,Black,Odd,High,Column 2
780,20,Dozen 2,Black,Even,High,Column 2
781,32,Dozen 3,Red,Even,High,Column 2
782,32,Dozen 3,Red,Even,High,Column 2
783,11,Dozen 1,Black,Odd,Low,Column 2
784,28,Dozen 3,Black,Even,High,Column 1
785,33,Dozen 3,Black,Odd,High,Column 3
786,10,Dozen 1,Black,Even,Low,Column 1
787,8,Dozen 1,Black,Even,Low,Column 2
788,33,Dozen 3,Black,Odd,High,Column 3
789,4,Dozen 1,Black,Even,Low,Column 1
790,33,Dozen 3,Black,Odd,High,Column 3
791,7,Dozen 1,Red,Odd,Low,Column 1
792,22,Dozen 2,Black,Even,High,Column 1
793,14,Dozen 2,Red,Even,Low,Column 2
794,28,Dozen 3,Black,Even,High,Column 1
795,3,Dozen 1,Red,Odd,Low,Column 3
796,21,Dozen 2,Red,Odd,High,Column 3
797,9,Dozen 1,Red,Odd,Low,Column 3
798,33,Dozen 3,Black,Odd,High,Column 3
799,6,Dozen 1,Black,Even,Low,Column 3
800,23,Dozen 2,Red,Odd,High,Column 2
801,14,Dozen 2,Red,Even,Low,Column 2
802,5,Dozen 1,Red,Odd,Low,Column 2
803,20,Dozen 2,Black,Even,High,Column 2
804,9,Dozen 1,Red,Odd,Low,Column 3
805,32,Dozen 3,Red,Even,High,Column 2
806,9,Dozen 1,Red,Odd,Low,Column 3
807,29,Dozen 3,Black,Odd,High,Column 2
808,7,Dozen 1,Red,Odd,Low,Column 1
809,7,Dozen 1,Red,Odd,Low,Column 1
810,0,0,0,0,0,0
811,35,Dozen 3,Black,Odd,High,Column 2
812,28,Dozen 3,Black,Even,High,Column 1
813,2,Dozen 1,Black,Even,Low,Column 2
814,18,Dozen 2,Red,Even,Low,Column 3
815,9,Dozen 1,Red,Odd,Low,Column 3
816,29,Dozen 3,Black,Odd,High,Column 2
817,18,Dozen 2,Red,Even,Low,Column 3
818,20,Dozen 2,Black,Even,High,Column 2
819,21,Dozen 2,Red,Odd,High,Column 3
820,17,Dozen 2,Black,Odd,Low,Column 2
821,27,Dozen 3,Red,Odd,High,Column 3
822,9,Dozen 1,Red,Odd,Low,Column 3
823,8,Dozen 1,Black,Even,Low,Column 2
824,12,Dozen 1,Red,Even,Low,Column 3
825,30,Dozen 3,Red,Even,High,Column 3
826,9,Dozen 1,Red,Odd,Low,Column 3
827,35,Dozen 3,Black,Odd,High,Column 2
828,17,Dozen 2,Black,Odd,Low,Column 2
829,8,Dozen 1,Black,Even,Low,Column 2
830,15,Dozen 2,Black,Odd,Low,Column 3
831,34,Dozen 3,Red,Even,High,Column 1
832,5,Dozen 1,Red,Odd,Low,Column 2
833,11,Dozen 1,Black,Odd,Low,Column 2
834,12,Dozen 1,Red,Even,Low,Column 3
835,15,Dozen 2,Black,Odd,Low,Column 3
836,19,Dozen 2,Red,Odd,High,Column 1
837,32,Dozen 3,Red,Even,High,Column 2
838,20,Dozen 2,Black,Even,High,Column 2
839,24,Dozen 2,Black,Even,High,Column 3
840,24,Dozen 2,Black,Even,High,Column 3
841,32,Dozen 3,Red,Even,High,Column 2
842,5,Dozen 1,Red,Odd,Low,Column 2
843,34,Dozen 3,Red,Even,High,Column 1
844,21,Dozen 2,Red,Odd,High,Column 3
845,6,Dozen 1,Black,Even,Low,Column 3
846,32,Dozen 3,Red,Even,High,Column 2
847,25,Dozen 3,Red,Odd,High,Column 1
848,31,Dozen 3,Black,Odd,High,Column 1
849,21,Dozen 2,Red,Odd,High,Column 3
850,14,Dozen 2,Red,Even,Low,Column 2
851,0,0,0,0,0,0
852,6,Dozen 1,Black,Even,Low,Column 3
853,19,Dozen 2,Red,Odd,High,Column 1
854,5,Dozen 1,Red,Odd,Low,Column 2
855,20,Dozen 2,Black,Even,High,Column 2
856,2,Dozen 1,Black,Even,Low,Column 2
857,8,Dozen 1,Black,Even,Low,Column 2
858,31,Dozen 3,Black,Odd,High,Column 1
859,15,Dozen 2,Black,Odd,Low,Column 3
860,4,Dozen 1,Black,Even,Low,Column 1
861,11,Dozen 1,Black,Odd,Low,Column 2
862,36,Dozen 3,Red,Even,High,Column 3
863,7,Dozen 1,Red,Odd,Low,Column 1
864,29,Dozen 3,Black,Odd,High,Column 2
865,36,Dozen 3,Red,Even,High,Column 3
866,21,Dozen 2,Red,Odd,High,Column 3
867,12,Dozen 1,Red,Even,Low,Column 3
868,3,Dozen 1,Red,Odd,Low,Column 3
869,29,Dozen 3,Black,Odd,High,Column 2
870,9,Dozen 1,Red,Odd,Low,Column 3
871,16,Dozen 2,Red,Even,Low,Column 1
872,27,Dozen 3,Red,Odd,High,Column 3
873,19,Dozen 2,Red,Odd,High,Column 1
874,25,Dozen 3,Red,Odd,High,Column 1
875,28,Dozen 3,Black,Even,High,Column 1
876,17,Dozen 2,Black,Odd,Low,Column 2
877,10,Dozen 1,Black,Even,Low,Column 1
878,21,Dozen 2,Red,Odd,High,Column 3
879,36,Dozen 3,Red,Even,High,Column 3
880,29,Dozen 3,Black,Odd,High,Column 2
881,19,Dozen 2,Red,Odd,High,Column 1
882,4,Dozen 1,Black,Even,Low,Column 1
883,29,Dozen 3,Black,Odd,High,Column 2
884,24,Dozen 2,Black,Even,High,Column 3
885,36,Dozen 3,Red,Even,High,Column 3
886,13,Dozen 2,Black,Odd,Low,Column 1
887,22,Dozen 2,Black,Even,High,Column 1
888,17,Dozen 2,Black,Odd,Low,Column 2
889,16,Dozen 2,Red,Even,Low,Column 1
890,27,Dozen 3,Red,Odd,High,Column 3
891,0,0,0,0,0,0
892,28,Dozen 3,Black,Even,High,Column 1
893,10,Dozen 1,Black,Even,Low,Column 1
894,28,Dozen 3,Black,Even,High,Column 1
895,5,Dozen 1,Red,Odd,Low,Column 2
896,9,Dozen 1,Red,Odd,Low,Column 3
897,23,Dozen 2,Red,Odd,High,Column 2
898,5,Dozen 1,Red,Odd,Low,Column 2
899,11,Dozen 1,Black,Odd,Low,Column 2
900,1,Dozen 1,Red,Odd,Low,Column 1
901,15,Dozen 2,Black,Odd,Low,Column 3
902,25,Dozen 3,Red,Odd,High,Column 1
903,12,Dozen 1,Red,Even,Low,Column 3
904,10,Dozen 1,Black,Even,Low,Column 1
905,14,Dozen 2,Red,Even,Low,Column 2
906,19,Dozen 2,Red,Odd,High,Column 1
907,32,Dozen 3,Red,Even,High,Column 2
908,12,Dozen 1,Red,Even,Low,Column 3
909,17,Dozen 2,Black,Odd,Low,Column 2
910,11,Dozen 1,Black,Odd,Low,Column 2
911,1,Dozen 1,Red,Odd,Low,Column 1
912,23,Dozen 2,Red,Odd,High,Column 2
913,2,Dozen 1,Black,Even,Low,Column 2
914,11,Dozen 1,Black,Odd,Low,Column 2
915,8,Dozen 1,Black,Even,Low,Column 2
916,31,Dozen 3,Black,Odd,High,Column 1
917,34,Dozen 3,Red,Even,High,Column 1
918,15,Dozen 2,Black,Odd,Low,Column 3
919,4,Dozen 1,Black,Even,Low,Column 1
920,5,Dozen 1,Red,Odd,Low,Column 2
921,4,Dozen 1,Black,Even,Low,Column 1
922,31,Dozen 3,Black,Odd,High,Column 1
923,33,Dozen 3,Black,Odd,High,Column 3
924,19,Dozen 2,Red,Odd,High,Column 1
925,33,Dozen 3,Black,Odd,High,Column 3
926,26,Dozen 3,Black,Even,High,Column 2
927,21,Dozen 2,Red,Odd,High,Column 3
928,36,Dozen 3,Red,Even,High,Column 3
929,16,Dozen 2,Red,Even,Low,Column 1
930,29,Dozen 3,Black,Odd,High,Column 2
931,27,Dozen 3,Red,Odd,High,Column 3
932,11,Dozen 1,Black,Odd,Low,Column 2
933,16,Dozen 2,Red,Even,Low,Column 1
934,32,Dozen 3,Red,Even,High,Column 2
935,1,Dozen 1,Red,Odd,Low,Column 1
936,28,Dozen 3,Black,Even,High,Column 1
937,6,Dozen 1,Black,Even,Low,Column 3
938,19,Dozen 2,Red,Odd,High,Column 1
939,31,Dozen 3,Black,Odd,High,Column 1
940,12,Dozen 1,Red,Even,Low,Column 3
941,7,Dozen 1,Red,Odd,Low,Column 1
942,6,Dozen 1,Black,Even,Low,Column 3
943,32,Dozen 3,Red,Even,High,Column 2
944,10,Dozen 1,Black,Even,Low,Column 1
945,22,Dozen 2,Black,Even,High,Column 1
946,34,Dozen 3,Red,Even,High,Column 1
947,29,Dozen 3,Black,Odd,High,Column 2
948,12,Dozen 1,Red,Even,Low,Column 3
949,31,Dozen 3,Black,Odd,High,Column 1
950,20,Dozen 2,Black,Even,High,Column 2
951,11,Dozen 1,Black,Odd,Low,Column 2
952,31,Dozen 3,Black,Odd,High,Column 1
953,9,Dozen 1,Red,Odd,Low,Column 3
954,30,Dozen 3,Red,Even,High,Column 3
955,24,Dozen 2,Black,Even,High,Column 3
956,13,Dozen 2,Black,Odd,Low,Column 1
957,8,Dozen 1,Black,Even,Low,Column 2
958,17,Dozen 2,Black,Odd,Low,Column 2
959,8,Dozen 1,Black,Even,Low,Column 2
960,8,Dozen 1,Black,Even,Low,Column 2
961,33,Dozen 3,Black,Odd,High,Column 3
962,30,Dozen 3,Red,Even,High,Column 3
963,5,Dozen 1,Red,Odd,Low,Column 2
964,28,Dozen 3,Black,Even,High,Column 1
965,1,Dozen 1,Red,Odd,Low,Column 1
966,15,Dozen 2,Black,Odd,Low,Column 3
967,9,Dozen 1,Red,Odd,Low,Column 3
968,36,Dozen 3,Red,Even,High,Column 3
969,26,Dozen 3,Black,Even,High,Column 2
970,14,Dozen 2,Red,Even,Low,Column 2
971,25,Dozen 3,Red,Odd,High,Column 1
972,36,Dozen 3,Red,Even,High,Column 3
973,1,Dozen 1,Red,Odd,Low,Column 1
974,13,Dozen 2,Black,Odd,Low,Column 1
975,17,Dozen 2,Black,Odd,Low,Column 2
976,7,Dozen 1,Red,Odd,Low,Column 1
977,8,Dozen 1,Black,Even,Low,Column 2
978,30,Dozen 3,Red,Even,High,Column 3
979,27,Dozen 3,Red,Odd,High,Column 3
980,10,Dozen 1,Black,Even,Low,Column 1
981,17,Dozen 2,Black,Odd,Low,Column 2
982,35,Dozen 3,Black,Odd,High,Column 2
983,17,Dozen 2,Black,Odd,Low,Column 2
984,20,Dozen 2,Black,Even,High,Column 2
985,6,Dozen 1,Black,Even,Low,Column 3
986,19,Dozen 2,Red,Odd,High,Column 1
987,12,Dozen 1,Red,Even,Low,Column 3
988,28,Dozen 3,Black,Even,High,Column 1
989,33,Dozen 3,Black,Odd,High,Column 3
990,11,Dozen 1,Black,Odd,Low,Column 2
991,32,Dozen 3,Red,Even,High,Column 2
992,5,Dozen 1,Red,Odd,Low,Column 2
993,24,Dozen 2,Black,Even,High,Column 3
994,6,Dozen 1,Black,Even,Low,Column 3
995,14,Dozen 2,Red,Even,Low,Column 2
996,31,Dozen 3,Black,Odd,High,Column 1
997,6,Dozen 1,Black,Even,Low,Column 3
998,22,Dozen 2,Black,Even,High,Column 1
999,19,Dozen 2,Red,Odd,High,Column 1
1000,13,Dozen 2,Black,Odd,Low,Column 1
1001,2,Dozen 1,Black,Even,Low,Column 2
1002,9,Dozen 1,Red,Odd,Low,Column 3
1003,35,Dozen 3,Black,Odd,High,Column 2
1004,31,Dozen 3,Black,Odd,High,Column 1
1005,23,Dozen 2,Red,Odd,High,Column 2
1006,27,Dozen 3,Red,Odd,High,Column 3
1007,30,Dozen 3,Red,Even,High,Column 3
1008,30,Dozen 3,Red,Even,High,Column 3
1009,21,Dozen 2,Red,Odd,High,Column 3
1010,8,Dozen 1,Black,Even,Low,Column 2
1011,30,Dozen 3,Red,Even,High,Column 3
1012,2,Dozen 1,Black,Even,Low,Column 2
1013,13,Dozen 2,Black,Odd,Low,Column 1
1014,10,Dozen 1,Black,Even,Low,Column 1
1015,20,Dozen 2,Black,Even,High,Column 2
1016,13,Dozen 2,Black,Odd,Low,Column 1
1017,12,Dozen 1,Red,Even,Low,Column 3
1018,16,Dozen 2,Red,Even,Low,Column 1
1019,1,Dozen 1,Red,Odd,Low,Column 1
1020,19,Dozen 2,Red,Odd,High,Column 1
1021,19,Dozen 2,Red,Odd,High,Column 1
1022,0,0,0,0,0,0
1023,3,Dozen 1,Red,Odd,Low,Column 3
1024,8,Dozen 1,Black,Even,Low,Column 2
1025,6,Dozen 1,Black,Even,Low,Column 3
1026,22,Dozen 2,Black,Even,High,Column 1
1027,24,Dozen 2,Black,Even,High,Column 3
1028,31,Dozen 3,Black,Odd,High,Column 1
1029,17,Dozen 2,Black,Odd,Low,Column 2
1030,21,Dozen 2,Red,Odd,High,Column 3
1031,34,Dozen 3,Red,Even,High,Column 1
1032,32,Dozen 3,Red,Even,High,Column 2
1033,31,Dozen 3,Black,Odd,High,Column 1
1034,12,Dozen 1,Red,Even,Low,Column 3
1035,15,Dozen 2,Black,Odd,Low,Column 3
1036,36,Dozen 3,Red,Even,High,Column 3
1037,34,Dozen 3,Red,Even,High,Column 1
1038,15,Dozen 2,Black,Odd,Low,Column 3
1039,29,Dozen 3,Black,Odd,High,Column 2
1040,10,Dozen 1,Black,Even,Low,Column 1
1041,8,Dozen 1,Black,Even,Low,Column 2
1042,23,Dozen 2,Red,Odd,High,Column 2
1043,33,Dozen 3,Black,Odd,High,Column 3
1044,18,Dozen 2,Red,Even,Low,Column 3
1045,28,Dozen 3,Black,Even,High,Column 1
1046,7,Dozen 1,Red,Odd,Low,Column 1
1047,22,Dozen 2,Black,Even,High,Column 1
1048,11,Dozen 1,Black,Odd,Low,Column 2
1049,34,Dozen 3,Red,Even,High,Column 1
1050,18,Dozen 2,Red,Even,Low,Column 3
1051,22,Dozen 2,Black,Even,High,Column 1
1052,4,Dozen 1,Black,Even,Low,Column 1
1053,36,Dozen 3,Red,Even,High,Column 3
1054,15,Dozen 2,Black,Odd,Low,Column 3
1055,3,Dozen 1,Red,Odd,Low,Column 3
1056,8,Dozen 1,Black,Even,Low,Column 2
1057,17,Dozen 2,Black,Odd,Low,Column 2
1058,24,Dozen 2,Black,Even,High,Column 3
1059,16,Dozen 2,Red,Even,Low,Column 1
1060,31,Dozen 3,Black,Odd,High,Column 1
1061,29,Dozen 3,Black,Odd,High,Column 2
1062,27,Dozen 3,Red,Odd,High,Column 3
1063,3,Dozen 1,Red,Odd,Low,Column 3
1064,26,Dozen 3,Black,Even,High,Column 2
1065,24,Dozen 2,Black,Even,High,Column 3
1066,28,Dozen 3,Black,Even,High,Column 1
1067,0,0,0,0,0,0
1068,36,Dozen 3,Red,Even,High,Column 3
1069,12,Dozen 1,Red,Even,Low,Column 3
1070,36,Dozen 3,Red,Even,High,Column 3
1071,25,Dozen 3,Red,Odd,High,Column 1
1072,5,Dozen 1,Red,Odd,Low,Column 2
1073,17,Dozen 2,Black,Odd,Low,Column 2
1074,36,Dozen 3,Red,Even,High,Column 3
1075,22,Dozen 2,Black,Even,High,Column 1
1076,25,Dozen 3,Red,Odd,High,Column 1
1077,12,Dozen 1,Red,Even,Low,Column 3
1078,12,Dozen 1,Red,Even,Low,Column 3
1079,9,Dozen 1,Red,Odd,Low,Column 3
1080,5,Dozen 1,Red,Odd,Low,Column 2
1081,0,0,0,0,0,0
1082,33,Dozen 3,Black,Odd,High,Column 3
1083,0,0,0,0,0,0
1084,25,Dozen 3,Red,Odd,High,Column 1
1085,5,Dozen 1,Red,Odd,Low,Column 2
1086,25,Dozen 3,Red,Odd,High,Column 1
1087,11,Dozen 1,Black,Odd,Low,Column 2
1088,22,Dozen 2,Black,Even,High,Column 1
1089,19,Dozen 2,Red,Odd,High,Column 1
1090,33,Dozen 3,Black,Odd,High,Column 3
1091,12,Dozen 1,Red,Even,Low,Column 3
1092,3,Dozen 1,Red,Odd,Low,Column 3
1093,36,Dozen 3,Red,Even,High,Column 3
1094,29,Dozen 3,Black,Odd,High,Column 2
1095,8,Dozen 1,Black,Even,Low,Column 2
1096,18,Dozen 2,Red,Even,Low,Column 3
1097,0,0,0,0,0,0
1098,18,Dozen 2,Red,Even,Low,Column 3
1099,35,Dozen 3,Black,Odd,High,Column 2
1100,11,Dozen 1,Black,Odd,Low,Column 2
1101,6,Dozen 1,Black,Even,Low,Column 3
1102,5,Dozen 1,Red,Odd,Low,Column 2
1103,28,Dozen 3,Black,Even,High,Column 1
1104,12,Dozen 1,Red,Even,Low,Column 3
1105,26,Dozen 3,Black,Even,High,Column 2
1106,36,Dozen 3,Red,Even,High,Column 3
1107,27,Dozen 3,Red,Odd,High,Column 3
1108,2,Dozen 1,Black,Even,Low,Column 2
1109,21,Dozen 2,Red,Odd,High,Column 3
1110,21,Dozen 2,Red,Odd,High,Column 3
1111,35,Dozen 3,Black,Odd,High,Column 2
1112,24,Dozen 2,Black,Even,High,Column 3
1113,26,Dozen 3,Black,Even,High,Column 2
1114,6,Dozen 1,Black,Even,Low,Column 3
1115,28,Dozen 3,Black,Even,High,Column 1
1116,34,Dozen 3,Red,Even,High,Column 1
1117,10,Dozen 1,Black,Even,Low,Column 1
1118,23,Dozen 2,Red,Odd,High,Column 2
1119,25,Dozen 3,Red,Odd,High,Column 1
1120,16,Dozen 2,Red,Even,Low,Column 1
1121,5,Dozen 1,Red,Odd,Low,Column 2
1122,1,Dozen 1,Red,Odd,Low,Column 1
1123,12,Dozen 1,Red,Even,Low,Column 3
1124,32,Dozen 3,Red,Even,High,Column 2
1125,3,Dozen 1,Red,Odd,Low,Column 3
1126,7,Dozen 1,Red,Odd,Low,Column 1
1127,27,Dozen 3,Red,Odd,High,Column 3
1128,31,Dozen 3,Black,Odd,High,Column 1
1129,18,Dozen 2,Red,Even,Low,Column 3
1130,2,Dozen 1,Black,Even,Low,Column 2
1131,1,Dozen 1,Red,Odd,Low,Column 1
1132,7,Dozen 1,Red,Odd,Low,Column 1
1133,35,Dozen 3,Black,Odd,High,Column 2
1134,5,Dozen 1,Red,Odd,Low,Column 2
1135,27,Dozen 3,Red,Odd,High,Column 3
1136,27,Dozen 3,Red,Odd,High,Column 3
1137,11,Dozen 1,Black,Odd,Low,Column 2
1138,21,Dozen 2,Red,Odd,High,Column 3
1139,24,Dozen 2,Black,Even,High,Column 3
1140,11,Dozen 1,Black,Odd,Low,Column 2
1141,31,Dozen 3,Black,Odd,High,Column 1
1142,36,Dozen 3,Red,Even,High,Column 3
1143,34,Dozen 3,Red,Even,High,Column 1
1144,2,Dozen 1,Black,Even,Low,Column 2
1145,23,Dozen 2,Red,Odd,High,Column 2
1146,8,Dozen 1,Black,Even,Low,Column 2
1147,30,Dozen 3,Red,Even,High,Column 3
1148,33,Dozen 3,Black,Odd,High,Column 3
1149,12,Dozen 1,Red,Even,Low,Column 3
1150,26,Dozen 3,Black,Even,High,Column 2
1151,27,Dozen 3,Red,Odd,High,Column 3
1152,8,Dozen 1,Black,Even,Low,Column 2
1153,3,Dozen 1,Red,Odd,Low,Column 3
1154,20,Dozen 2,Black,Even,High,Column 2
1155,13,Dozen 2,Black,Odd,Low,Column 1
1156,22,Dozen 2,Black,Even,High,Column 1
1157,26,Dozen 3,Black,Even,High,Column 2
1158,24,Dozen 2,Black,Even,High,Column 3
1159,21,Dozen 2,Red,Odd,High,Column 3
1160,34,Dozen 3,Red,Even,High,Column 1
1161,30,Dozen 3,Red,Even,High,Column 3
1162,24,Dozen 2,Black,Even,High,Column 3
1163,25,Dozen 3,Red,Odd,High,Column 1
1164,1,Dozen 1,Red,Odd,Low,Column 1
1165,35,Dozen 3,Black,Odd,High,Column 2
1166,30,Dozen 3,Red,Even,High,Column 3
1167,13,Dozen 2,Black,Odd,Low,Column 1
1168,32,Dozen 3,Red,Even,High,Column 2
1169,16,Dozen 2,Red,Even,Low,Column 1
1170,22,Dozen 2,Black,Even,High,Column 1
1171,12,Dozen 1,Red,Even,Low,Column 3
1172,33,Dozen 3,Black,Odd,High,Column 3
1173,30,Dozen 3,Red,Even,High,Column 3
1174,1,Dozen 1,Red,Odd,Low,Column 1
1175,29,Dozen 3,Black,Odd,High,Column 2
1176,35,Dozen 3,Black,Odd,High,Column 2
1177,19,Dozen 2,Red,Odd,High,Column 1
1178,29,Dozen 3,Black,Odd,High,Column 2
1179,33,Dozen 3,Black,Odd,High,Column 3
1180,3,Dozen 1,Red,Odd,Low,Column 3
1181,31,Dozen 3,Black,Odd,High,Column 1
1182,24,Dozen 2,Black,Even,High,Column 3
1183,15,Dozen 2,Black,Odd,Low,Column 3
1184,35,Dozen 3,Black,Odd,High,Column 2
1185,16,Dozen 2,Red,Even,Low,Column 1
1186,8,Dozen 1,Black,Even,Low,Column 2
1187,1,Dozen 1,Red,Odd,Low,Column 1
1188,9,Dozen 1,Red,Odd,Low,Column 3
1189,34,Dozen 3,Red,Even,High,Column 1
1190,7,Dozen 1,Red,Odd,Low,Column 1
1191,34,Dozen 3,Red,Even,High,Column 1
1192,10,Dozen 1,Black,Even,Low,Column 1
1193,19,Dozen 2,Red,Odd,High,Column 1
1194,14,Dozen 2,Red,Even,Low,Column 2
1195,32,Dozen 3,Red,Even,High,Column 2
1196,21,Dozen 2,Red,Odd,High,Column 3
1197,4,Dozen 1,Black,Even,Low,Column 1
1198,29,Dozen 3,Black,Odd,High,Column 2
1199,25,Dozen 3,Red,Odd,High,Column 1
1200,5,Dozen 1,Red,Odd,Low,Column 2
1201,27,Dozen 3,Red,Odd,High,Column 3
1202,10,Dozen 1,Black,Even,Low,Column 1
1203,22,Dozen 2,Black,Even,High,Column 1
1204,0,0,0,0,0,0
1205,35,Dozen 3,Black,Odd,High,Column 2
1206,30,Dozen 3,Red,Even,High,Column 3
1207,5,Dozen 1,Red,Odd,Low,Column 2
1208,1,Dozen 1,Red,Odd,Low,Column 1
1209,21,Dozen 2,Red,Odd,High,Column 3
1210,2,Dozen 1,Black,Even,Low,Column 2
1211,10,Dozen 1,Black,Even,Low,Column 1
1212,29,Dozen 3,Black,Odd,High,Column 2
1213,35,Dozen 3,Black,Odd,High,Column 2
1214,14,Dozen 2,Red,Even,Low,Column 2
1215,23,Dozen 2,Red,Odd,High,Column 2
1216,13,Dozen 2,Black,Odd,Low,Column 1
1217,33,Dozen 3,Black,Odd,High,Column 3
1218,33,Dozen 3,Black,Odd,High,Column 3
1219,24,Dozen 2,Black,Even,High,Column 3
1220,32,Dozen 3,Red,Even,High,Column 2
1221,1,Dozen 1,Red,Odd,Low,Column 1
1222,6,Dozen 1,Black,Even,Low,Column 3
1223,31,Dozen 3,Black,Odd,High,Column 1
1224,11,Dozen 1,Black,Odd,Low,Column 2
1225,32,Dozen 3,Red,Even,High,Column 2
1226,27,Dozen 3,Red,Odd,High,Column 3
1227,9,Dozen 1,Red,Odd,Low,Column 3
1228,35,Dozen 3,Black,Odd,High,Column 2
1229,34,Dozen 3,Red,Even,High,Column 1
1230,26,Dozen 3,Black,Even,High,Column 2
1231,18,Dozen 2,Red,Even,Low,Column 3
1232,13,Dozen 2,Black,Odd,Low,Column 1
1233,26,Dozen 3,Black,Even,High,Column 2
1234,15,Dozen 2,Black,Odd,Low,Column 3
1235,30,Dozen 3,Red,Even,High,Column 3
1236,3,Dozen 1,Red,Odd,Low,Column 3
1237,9,Dozen 1,Red,Odd,Low,Column 3
1238,23,Dozen 2,Red,Odd,High,Column 2
1239,29,Dozen 3,Black,Odd,High,Column 2
1240,25,Dozen 3,Red,Odd,High,Column 1
1241,0,0,0,0,0,0
1242,8,Dozen 1,Black,Even,Low,Column 2
1243,3,Dozen 1,Red,Odd,Low,Column 3
1244,16,Dozen 2,Red,Even,Low,Column 1
1245,36,Dozen 3,Red,Even,High,Column 3
1246,24,Dozen 2,Black,Even,High,Column 3
1247,3,Dozen 1,Red,Odd,Low,Column 3
1248,16,Dozen 2,Red,Even,Low,Column 1
1249,24,Dozen 2,Black,Even,High,Column 3
1250,23,Dozen 2,Red,Odd,High,Column 2
1251,6,Dozen 1,Black,Even,Low,Column 3
1252,19,Dozen 2,Red,Odd,High,Column 1
1253,16,Dozen 2,Red,Even,Low,Column 1
1254,25,Dozen 3,Red,Odd,High,Column 1
1255,17,Dozen 2,Black,Odd,Low,Column 2
1256,19,Dozen 2,Red,Odd,High,Column 1
1257,34,Dozen 3,Red,Even,High,Column 1
1258,19,Dozen 2,Red,Odd,High,Column 1
1259,3,Dozen 1,Red,Odd,Low,Column 3
1260,25,Dozen 3,Red,Odd,High,Column 1
1261,16,Dozen 2,Red,Even,Low,Column 1
1262,17,Dozen 2,Black,Odd,Low,Column 2
1263,14,Dozen 2,Red,Even,Low,Column 2
1264,34,Dozen 3,Red,Even,High,Column 1
1265,3,Dozen 1,Red,Odd,Low,Column 3
1266,17,Dozen 2,Black,Odd,Low,Column 2
1267,24,Dozen 2,Black,Even,High,Column 3
1268,21,Dozen 2,Red,Odd,High,Column 3
1269,1,Dozen 1,Red,Odd,Low,Column 1
1270,4,Dozen 1,Black,Even,Low,Column 1
1271,3,Dozen 1,Red,Odd,Low,Column 3
1272,10,Dozen 1,Black,Even,Low,Column 1
1273,29,Dozen 3,Black,Odd,High,Column 2
1274,31,Dozen 3,Black,Odd,High,Column 1
1275,36,Dozen 3,Red,Even,High,Column 3
1276,25,Dozen 3,Red,Odd,High,Column 1
1277,32,Dozen 3,Red,Even,High,Column 2
1278,20,Dozen 2,Black,Even,High,Column 2
1279,36,Dozen 3,Red,Even,High,Column 3
1280,0,0,0,0,0,0
1281,6,Dozen 1,Black,Even,Low,Column 3
1282,23,Dozen 2,Red,Odd,High,Column 2
1283,30,Dozen 3,Red,Even,High,Column 3
1284,34,Dozen 3,Red,Even,High,Column 1
1285,28,Dozen 3,Black,Even,High,Column 1
1286,9,Dozen 1,Red,Odd,Low,Column 3
1287,2,Dozen 1,Black,Even,Low,Column 2
1288,3,Dozen 1,Red,Odd,Low,Column 3
1289,26,Dozen 3,Black,Even,High,Column 2
1290,21,Dozen 2,Red,Odd,High,Column 3
1291,34,Dozen 3,Red,Even,High,Column 1
1292,24,Dozen 2,Black,Even,High,Column 3
1293,5,Dozen 1,Red,Odd,Low,Column 2
1294,21,Dozen 2,Red,Odd,High,Column 3
1295,7,Dozen 1,Red,Odd,Low,Column 1
1296,11,Dozen 1,Black,Odd,Low,Column 2
1297,4,Dozen 1,Black,Even,Low,Column 1
1298,30,Dozen 3,Red,Even,High,Column 3
1299,27,Dozen 3,Red,Odd,High,Column 3
1300,6,Dozen 1,Black,Even,Low,Column 3
1301,33,Dozen 3,Black,Odd,High,Column 3
1302,13,Dozen 2,Black,Odd,Low,Column 1
1303,13,Dozen 2,Black,Odd,Low,Column 1
1304,21,Dozen 2,Red,Odd,High,Column 3
1305,1,Dozen 1,Red,Odd,Low,Column 1
1306,25,Dozen 3,Red,Odd,High,Column 1
1307,30,Dozen 3,Red,Even,High,Column 3
1308,25,Dozen 3,Red,Odd,High,Column 1
1309,7,Dozen 1,Red,Odd,Low,Column 1
1310,5,Dozen 1,Red,Odd,Low,Column 2
1311,11,Dozen 1,Black,Odd,Low,Column 2
1312,20,Dozen 2,Black,Even,High,Column 2
1313,4,Dozen 1,Black,Even,Low,Column 1
1314,29,Dozen 3,Black,Odd,High,Column 2
1315,17,Dozen 2,Black,Odd,Low,Column 2
1316,27,Dozen 3,Red,Odd,High,Column 3
1317,7,Dozen 1,Red,Odd,Low,Column 1
1318,18,Dozen 2,Red,Even,Low,Column 3
1319,3,Dozen 1,Red,Odd,Low,Column 3
1320,27,Dozen 3,Red,Odd,High,Column 3
1321,15,Dozen 2,Black,Odd,Low,Column 3
1322,10,Dozen 1,Black,Even,Low,Column 1
1323,8,Dozen 1,Black,Even,Low,Column 2
1324,24,Dozen 2,Black,Even,High,Column 3
1325,17,Dozen 2,Black,Odd,Low,Column 2
1326,6,Dozen 1,Black,Even,Low,Column 3
1327,8,Dozen 1,Black,Even,Low,Column 2
1328,29,Dozen 3,Black,Odd,High,Column 2
1329,7,Dozen 1,Red,Odd,Low,Column 1
1330,35,Dozen 3,Black,Odd,High,Column 2
1331,24,Dozen 2,Black,Even,High,Column 3
1332,3,Dozen 1,Red,Odd,Low,Column 3
1333,2,Dozen 1,Black,Even,Low,Column 2
1334,34,Dozen 3,Red,Even,High,Column 1
1335,23,Dozen 2,Red,Odd,High,Column 2
1336,13,Dozen 2,Black,Odd,Low,Column 1
1337,6,Dozen 1,Black,Even,Low,Column 3
1338,5,Dozen 1,Red,Odd,Low,Column 2
1339,15,Dozen 2,Black,Odd,Low,Column 3
1340,34,Dozen 3,Red,Even,High,Column 1
1341,6,Dozen 1,Black,Even,Low,Column 3
1342,3,Dozen 1,Red,Odd,Low,Column 3
1343,14,Dozen 2,Red,Even,Low,Column 2
1344,10,Dozen 1,Black,Even,Low,Column 1
1345,16,Dozen 2,Red,Even,Low,Column 1
1346,1,Dozen 1,Red,Odd,Low,Column 1
1347,33,Dozen 3,Black,Odd,High,Column 3
1348,12,Dozen 1,Red,Even,Low,Column 3
1349,19,Dozen 2,Red,Odd,High,Column 1
1350,22,Dozen 2,Black,Even,High,Column 1
1351,15,Dozen 2,Black,Odd,Low,Column 3
1352,3,Dozen 1,Red,Odd,Low,Column 3
1353,14,Dozen 2,Red,Even,Low,Column 2
1354,17,Dozen 2,Black,Odd,Low,Column 2
1355,24,Dozen 2,Black,Even,High,Column 3
1356,3,Dozen 1,Red,Odd,Low,Column 3
1357,36,Dozen 3,Red,Even,High,Column 3
1358,12,Dozen 1,Red,Even,Low,Column 3
1359,19,Dozen 2,Red,Odd,High,Column 1
1360,22,Dozen 2,Black,Even,High,Column 1
1361,24,Dozen 2,Black,Even,High,Column 3
1362,33,Dozen 3,Black,Odd,High,Column 3
1363,27,Dozen 3,Red,Odd,High,Column 3
1364,10,Dozen 1,Black,Even,Low,Column 1
1365,21,Dozen 2,Red,Odd,High,Column 3
1366,26,Dozen 3,Black,Even,High,Column 2
1367,32,Dozen 3,Red,Even,High,Column 2
1368,34,Dozen 3,Red,Even,High,Column 1
1369,36,Dozen 3,Red,Even,High,Column 3
1370,1,Dozen 1,Red,Odd,Low,Column 1
1371,24,Dozen 2,Black,Even,High,Column 3
1372,19,Dozen 2,Red,Odd,High,Column 1
1373,5,Dozen 1,Red,Odd,Low,Column 2
1374,5,Dozen 1,Red,Odd,Low,Column 2
1375,14,Dozen 2,Red,Even,Low,Column 2
1376,24,Dozen 2,Black,Even,High,Column 3
1377,16,Dozen 2,Red,Even,Low,Column 1
1378,6,Dozen 1,Black,Even,Low,Column 3
1379,30,Dozen 3,Red,Even,High,Column 3
1380,26,Dozen 3,Black,Even,High,Column 2
1381,21,Dozen 2,Red,Odd,High,Column 3
1382,21,Dozen 2,Red,Odd,High,Column 3
1383,24,Dozen 2,Black,Even,High,Column 3
1384,18,Dozen 2,Red,Even,Low,Column 3
1385,0,0,0,0,0,0
1386,20,Dozen 2,Black,Even,High,Column 2
1387,4,Dozen 1,Black,Even,Low,Column 1
1388,34,Dozen 3,Red,Even,High,Column 1
1389,0,0,0,0,0,0
1390,35,Dozen 3,Black,Odd,High,Column 2
1391,29,Dozen 3,Black,Odd,High,Column 2
1392,32,Dozen 3,Red,Even,High,Column 2
1393,23,Dozen 2,Red,Odd,High,Column 2
1394,1,Dozen 1,Red,Odd,Low,Column 1
1395,26,Dozen 3,Black,Even,High,Column 2
1396,19,Dozen 2,Red,Odd,High,Column 1
1397,8,Dozen 1,Black,Even,Low,Column 2
1398,32,Dozen 3,Red,Even,High,Column 2
1399,21,Dozen 2,Red,Odd,High,Column 3
1400,28,Dozen 3,Black,Even,High,Column 1
1401,19,Dozen 2,Red,Odd,High,Column 1
1402,6,Dozen 1,Black,Even,Low,Column 3
1403,27,Dozen 3,Red,Odd,High,Column 3
1404,17,Dozen 2,Black,Odd,Low,Column 2
1405,24,Dozen 2,Black,Even,High,Column 3
1406,26,Dozen 3,Black,Even,High,Column 2
1407,10,Dozen 1,Black,Even,Low,Column 1
1408,1,Dozen 1,Red,Odd,Low,Column 1
1409,25,Dozen 3,Red,Odd,High,Column 1
1410,30,Dozen 3,Red,Even,High,Column 3
1411,13,Dozen 2,Black,Odd,Low,Column 1
1412,9,Dozen 1,Red,Odd,Low,Column 3
1413,17,Dozen 2,Black,Odd,Low,Column 2
1414,1,Dozen 1,Red,Odd,Low,Column 1
1415,30,Dozen 3,Red,Even,High,Column 3
1416,9,Dozen 1,Red,Odd,Low,Column 3
1417,6,Dozen 1,Black,Even,Low,Column 3
1418,28,Dozen 3,Black,Even,High,Column 1
1419,13,Dozen 2,Black,Odd,Low,Column 1
1420,8,Dozen 1,Black,Even,Low,Column 2
1421,6,Dozen 1,Black,Even,Low,Column 3
1422,22,Dozen 2,Black,Even,High,Column 1
1423,26,Dozen 3,Black,Even,High,Column 2
1424,26,Dozen 3,Black,Even,High,Column 2
1425,29,Dozen 3,Black,Odd,High,Column 2
1426,0,0,0,0,0,0
1427,23,Dozen 2,Red,Odd,High,Column 2
1428,5,Dozen 1,Red,Odd,Low,Column 2
1429,35,Dozen 3,Black,Odd,High,Column 2
1430,10,Dozen 1,Black,Even,Low,Column 1
1431,29,Dozen 3,Black,Odd,High,Column 2
1432,25,Dozen 3,Red,Odd,High,Column 1
1433,35,Dozen 3,Black,Odd,High,Column 2
1434,30,Dozen 3,Red,Even,High,Column 3
1435,1,Dozen 1,Red,Odd,Low,Column 1
1436,26,Dozen 3,Black,Even,High,Column 2
1437,20,Dozen 2,Black,Even,High,Column 2
1438,0,0,0,0,0,0
1439,18,Dozen 2,Red,Even,Low,Column 3
1440,5,Dozen 1,Red,Odd,Low,Column 2
1441,7,Dozen 1,Red,Odd,Low,Column 1
1442,0,0,0,0,0,0
1443,10,Dozen 1,Black,Even,Low,Column 1
1444,28,Dozen 3,Black,Even,High,Column 1
1445,24,Dozen 2,Black,Even,High,Column 3
1446,9,Dozen 1,Red,Odd,Low,Column 3
1447,0,0,0,0,0,0
1448,18,Dozen 2,Red,Even,Low,Column 3
1449,12,Dozen 1,Red,Even,Low,Column 3
1450,31,Dozen 3,Black,Odd,High,Column 1
1451,11,Dozen 1,Black,Odd,Low,Column 2
1452,33,Dozen 3,Black,Odd,High,Column 3
1453,34,Dozen 3,Red,Even,High,Column 1
1454,0,0,0,0,0,0
1455,25,Dozen 3,Red,Odd,High,Column 1
1456,4,Dozen 1,Black,Even,Low,Column 1
1457,19,Dozen 2,Red,Odd,High,Column 1
1458,29,Dozen 3,Black,Odd,High,Column 2
1459,15,Dozen 2,Black,Odd,Low,Column 3
1460,24,Dozen 2,Black,Even,High,Column 3
1461,21,Dozen 2,Red,Odd,High,Column 3
1462,14,Dozen 2,Red,Even,Low,Column 2
1463,10,Dozen 1,Black,Even,Low,Column 1
1464,18,Dozen 2,Red,Even,Low,Column 3
1465,12,Dozen 1,Red,Even,Low,Column 3
1466,20,Dozen 2,Black,Even,High,Column 2
1467,13,Dozen 2,Black,Odd,Low,Column 1
1468,17,Dozen 2,Black,Odd,Low,Column 2
1469,25,Dozen 3,Red,Odd,High,Column 1
1470,2,Dozen 1,Black,Even,Low,Column 2
1471,22,Dozen 2,Black,Even,High,Column 1
1472,29,Dozen 3,Black,Odd,High,Column 2
1473,30,Dozen 3,Red,Even,High,Column 3
1474,18,Dozen 2,Red,Even,Low,Column 3
1475,8,Dozen 1,Black,Even,Low,Column 2
1476,31,Dozen 3,Black,Odd,High,Column 1
1477,13,Dozen 2,Black,Odd,Low,Column 1
1478,12,Dozen 1,Red,Even,Low,Column 3
1479,20,Dozen 2,Black,Even,High,Column 2
1480,18,Dozen 2,Red,Even,Low,Column 3
1481,10,Dozen 1,Black,Even,Low,Column 1
1482,8,Dozen 1,Black,Even,Low,Column 2
1483,26,Dozen 3,Black,Even,High,Column 2
1484,1,Dozen 1,Red,Odd,Low,Column 1
1485,36,Dozen 3,Red,Even,High,Column 3
1486,19,Dozen 2,Red,Odd,High,Column 1
1487,35,Dozen 3,Black,Odd,High,Column 2
1488,35,Dozen 3,Black,Odd,High,Column 2
1489,23,Dozen 2,Red,Odd,High,Column 2
1490,5,Dozen 1,Red,Odd,Low,Column 2
1491,17,Dozen 2,Black,Odd,Low,Column 2
1492,33,Dozen 3,Black,Odd,High,Column 3
1493,35,Dozen 3,Black,Odd,High,Column 2
1494,23,Dozen 2,Red,Odd,High,Column 2
1495,17,Dozen 2,Black,Odd,Low,Column 2
1496,34,Dozen 3,Red,Even,High,Column 1
1497,31,Dozen 3,Black,Odd,High,Column 1
1498,8,Dozen 1,Black,Even,Low,Column 2
1499,5,Dozen 1,Red,Odd,Low,Column 2
1500,0,0,0,0,0,0
1501,23,Dozen 2,Red,Odd,High,Column 2
1502,33,Dozen 3,Black,Odd,High,Column 3
1503,28,Dozen 3,Black,Even,High,Column 1
1504,28,Dozen 3,Black,Even,High,Column 1
1505,23,Dozen 2,Red,Odd,High,Column 2
1506,36,Dozen 3,Red,Even,High,Column 3
1507,16,Dozen 2,Red,Even,Low,Column 1
1508,19,Dozen 2,Red,Odd,High,Column 1
1509,11,Dozen 1,Black,Odd,Low,Column 2
1510,18,Dozen 2,Red,Even,Low,Column 3
1511,32,Dozen 3,Red,Even,High,Column 2
1512,10,Dozen 1,Black,Even,Low,Column 1
1513,34,Dozen 3,Red,Even,High,Column 1
1514,35,Dozen 3,Black,Odd,High,Column 2
1515,20,Dozen 2,Black,Even,High,Column 2
1516,17,Dozen 2,Black,Odd,Low,Column 2
1517,11,Dozen 1,Black,Odd,Low,Column 2
1518,11,Dozen 1,Black,Odd,Low,Column 2
1519,1,Dozen 1,Red,Odd,Low,Column 1
1520,3,Dozen 1,Red,Odd,Low,Column 3
1521,19,Dozen 2,Red,Odd,High,Column 1
1522,23,Dozen 2,Red,Odd,High,Column 2
1523,8,Dozen 1,Black,Even,Low,Column 2
1524,14,Dozen 2,Red,Even,Low,Column 2
1525,1,Dozen 1,Red,Odd,Low,Column 1
1526,2,Dozen 1,Black,Even,Low,Column 2
1527,32,Dozen 3,Red,Even,High,Column 2
1528,13,Dozen 2,Black,Odd,Low,Column 1
1529,13,Dozen 2,Black,Odd,Low,Column 1
1530,36,Dozen 3,Red,Even,High,Column 3
1531,5,Dozen 1,Red,Odd,Low,Column 2
1532,19,Dozen 2,Red,Odd,High,Column 1
1533,6,Dozen 1,Black,Even,Low,Column 3
1534,29,Dozen 3,Black,Odd,High,Column 2
1535,31,Dozen 3,Black,Odd,High,Column 1
1536,27,Dozen 3,Red,Odd,High,Column 3
1537,3,Dozen 1,Red,Odd,Low,Column 3
1538,30,Dozen 3,Red,Even,High,Column 3
1539,30,Dozen 3,Red,Even,High,Column 3
1540,29,Dozen 3,Black,Odd,High,Column 2
1541,33,Dozen 3,Black,Odd,High,Column 3
1542,14,Dozen 2,Red,Even,Low,Column 2
1543,33,Dozen 3,Black,Odd,High,Column 3
1544,2,Dozen 1,Black,Even,Low,Column 2
1545,29,Dozen 3,Black,Odd,High,Column 2
1546,1,Dozen 1,Red,Odd,Low,Column 1
1547,21,Dozen 2,Red,Odd,High,Column 3
1548,26,Dozen 3,Black,Even,High,Column 2
1549,22,Dozen 2,Black,Even,High,Column 1
1550,3,Dozen 1,Red,Odd,Low,Column 3
1551,8,Dozen 1,Black,Even,Low,Column 2
1552,28,Dozen 3,Black,Even,High,Column 1
1553,7,Dozen 1,Red,Odd,Low,Column 1
1554,5,Dozen 1,Red,Odd,Low,Column 2
1555,6,Dozen 1,Black,Even,Low,Column 3
1556,11,Dozen 1,Black,Odd,Low,Column 2
1557,8,Dozen 1,Black,Even,Low,Column 2
1558,36,Dozen 3,Red,Even,High,Column 3
1559,9,Dozen 1,Red,Odd,Low,Column 3
1560,33,Dozen 3,Black,Odd,High,Column 3
1561,15,Dozen 2,Black,Odd,Low,Column 3
1562,36,Dozen 3,Red,Even,High,Column 3
1563,29,Dozen 3,Black,Odd,High,Column 2
1564,35,Dozen 3,Black,Odd,High,Column 2
1565,6,Dozen 1,Black,Even,Low,Column 3
1566,1,Dozen 1,Red,Odd,Low,Column 1
1567,23,Dozen 2,Red,Odd,High,Column 2
1568,26,Dozen 3,Black,Even,High,Column 2
1569,1,Dozen 1,Red,Odd,Low,Column 1
1570,12,Dozen 1,Red,Even,Low,Column 3
1571,6,Dozen 1,Black,Even,Low,Column 3
1572,3,Dozen 1,Red,Odd,Low,Column 3
1573,6,Dozen 1,Black,Even,Low,Column 3
1574,36,Dozen 3,Red,Even,High,Column 3
1575,24,Dozen 2,Black,Even,High,Column 3
1576,4,Dozen 1,Black,Even,Low,Column 1
1577,11,Dozen 1,Black,Odd,Low,Column 2
1578,34,Dozen 3,Red,Even,High,Column 1
1579,25,Dozen 3,Red,Odd,High,Column 1
1580,13,Dozen 2,Black,Odd,Low,Column 1
1581,21,Dozen 2,Red,Odd,High,Column 3
1582,14,Dozen 2,Red,Even,Low,Column 2
1583,4,Dozen 1,Black,Even,Low,Column 1
1584,0,0,0,0,0,0
1585,24,Dozen 2,Black,Even,High,Column 3
1586,10,Dozen 1,Black,Even,Low,Column 1
1587,9,Dozen 1,Red,Odd,Low,Column 3
1588,5,Dozen 1,Red,Odd,Low,Column 2
1589,10,Dozen 1,Black,Even,Low,Column 1
1590,18,Dozen 2,Red,Even,Low,Column 3
1591,14,Dozen 2,Red,Even,Low,Column 2
1592,27,Dozen 3,Red,Odd,High,Column 3
1593,31,Dozen 3,Black,Odd,High,Column 1
1594,20,Dozen 2,Black,Even,High,Column 2
1595,25,Dozen 3,Red,Odd,High,Column 1
1596,21,Dozen 2,Red,Odd,High,Column 3
1597,3,Dozen 1,Red,Odd,Low,Column 3
1598,31,Dozen 3,Black,Odd,High,Column 1
1599,26,Dozen 3,Black,Even,High,Column 2
1600,8,Dozen 1,Black,Even,Low,Column 2
1601,6,Dozen 1,Black,Even,Low,Column 3
1602,16,Dozen 2,Red,Even,Low,Column 1
1603,4,Dozen 1,Black,Even,Low,Column 1
1604,17,Dozen 2,Black,Odd,Low,Column 2
1605,15,Dozen 2,Black,Odd,Low,Column 3
1606,22,Dozen 2,Black,Even,High,Column 1
1607,20,Dozen 2,Black,Even,High,Column 2
1608,3,Dozen 1,Red,Odd,Low,Column 3
1609,24,Dozen 2,Black,Even,High,Column 3
1610,13,Dozen 2,Black,Odd,Low,Column 1
1611,17,Dozen 2,Black,Odd,Low,Column 2
1612,2,Dozen 1,Black,Even,Low,Column 2
1613,13,Dozen 2,Black,Odd,Low,Column 1
1614,4,Dozen 1,Black,Even,Low,Column 1
1615,22,Dozen 2,Black,Even,High,Column 1
1616,5,Dozen 1,Red,Odd,Low,Column 2
1617,26,Dozen 3,Black,Even,High,Column 2
1618,21,Dozen 2,Red,Odd,High,Column 3
1619,1,Dozen 1,Red,Odd,Low,Column 1
1620,16,Dozen 2,Red,Even,Low,Column 1
1621,8,Dozen 1,Black,Even,Low,Column 2
1622,32,Dozen 3,Red,Even,High,Column 2
1623,27,Dozen 3,Red,Odd,High,Column 3
1624,5,Dozen 1,Red,Odd,Low,Column 2
1625,11,Dozen 1,Black,Odd,Low,Column 2
1626,24,Dozen 2,Black,Even,High,Column 3
1627,35,Dozen 3,Black,Odd,High,Column 2
1628,0,0,0,0,0,0
1629,6,Dozen 1,Black,Even,Low,Column 3
1630,27,Dozen 3,Red,Odd,High,Column 3
1631,5,Dozen 1,Red,Odd,Low,Column 2
1632,27,Dozen 3,Red,Odd,High,Column 3
1633,1,Dozen 1,Red,Odd,Low,Column 1
1634,31,Dozen 3,Black,Odd,High,Column 1
1635,35,Dozen 3,Black,Odd,High,Column 2
1636,8,Dozen 1,Black,Even,Low,Column 2
1637,28,Dozen 3,Black,Even,High,Column 1
1638,34,Dozen 3,Red,Even,High,Column 1
1639,19,Dozen 2,Red,Odd,High,Column 1
1640,35,Dozen 3,Black,Odd,High,Column 2
1641,22,Dozen 2,Black,Even,High,Column 1
1642,27,Dozen 3,Red,Odd,High,Column 3
1643,19,Dozen 2,Red,Odd,High,Column 1
1644,23,Dozen 2,Red,Odd,High,Column 2
1645,35,Dozen 3,Black,Odd,High,Column 2
1646,22,Dozen 2,Black,Even,High,Column 1
1647,34,Dozen 3,Red,Even,High,Column 1
1648,11,Dozen 1,Black,Odd,Low,Column 2
1649,19,Dozen 2,Red,Odd,High,Column 1
1650,22,Dozen 2,Black,Even,High,Column 1
1651,26,Dozen 3,Black,Even,High,Column 2
1652,32,Dozen 3,Red,Even,High,Column 2
1653,0,0,0,0,0,0
1654,35,Dozen 3,Black,Odd,High,Column 2
1655,36,Dozen 3,Red,Even,High,Column 3
1656,13,Dozen 2,Black,Odd,Low,Column 1
1657,19,Dozen 2,Red,Odd,High,Column 1
1658,5,Dozen 1,Red,Odd,Low,Column 2
1659,22,Dozen 2,Black,Even,High,Column 1
1660,13,Dozen 2,Black,Odd,Low,Column 1
1661,21,Dozen 2,Red,Odd,High,Column 3
1662,15,Dozen 2,Black,Odd,Low,Column 3
1663,23,Dozen 2,Red,Odd,High,Column 2
1664,33,Dozen 3,Black,Odd,High,Column 3
1665,19,Dozen 2,Red,Odd,High,Column 1
1666,31,Dozen 3,Black,Odd,High,Column 1
1667,1,Dozen 1,Red,Odd,Low,Column 1
1668,1,Dozen 1,Red,Odd,Low,Column 1
1669,10,Dozen 1,Black,Even,Low,Column 1
1670,5,Dozen 1,Red,Odd,Low,Column 2
1671,10,Dozen 1,Black,Even,Low,Column 1
1672,12,Dozen 1,Red,Even,Low,Column 3
1673,12,Dozen 1,Red,Even,Low,Column 3
1674,15,Dozen 2,Black,Odd,Low,Column 3
1675,25,Dozen 3,Red,Odd,High,Column 1
1676,1,Dozen 1,Red,Odd,Low,Column 1
1677,30,Dozen 3,Red,Even,High,Column 3
1678,9,Dozen 1,Red,Odd,Low,Column 3
1679,26,Dozen 3,Black,Even,High,Column 2
1680,0,0,0,0,0,0
1681,22,Dozen 2,Black,Even,High,Column 1
1682,12,Dozen 1,Red,Even,Low,Column 3
1683,22,Dozen 2,Black,Even,High,Column 1
1684,24,Dozen 2,Black,Even,High,Column 3
1685,34,Dozen 3,Red,Even,High,Column 1
1686,11,Dozen 1,Black,Odd,Low,Column 2
1687,15,Dozen 2,Black,Odd,Low,Column 3
1688,8,Dozen 1,Black,Even,Low,Column 2
1689,5,Dozen 1,Red,Odd,Low,Column 2
1690,35,Dozen 3,Black,Odd,High,Column 2
1691,36,Dozen 3,Red,Even,High,Column 3
1692,1,Dozen 1,Red,Odd,Low,Column 1
1693,11,Dozen 1,Black,Odd,Low,Column 2
1694,28,Dozen 3,Black,Even,High,Column 1
1695,14,Dozen 2,Red,Even,Low,Column 2
1696,9,Dozen 1,Red,Odd,Low,Column 3
1697,10,Dozen 1,Black,Even,Low,Column 1
1698,1,Dozen 1,Red,Odd,Low,Column 1
1699,19,Dozen 2,Red,Odd,High,Column 1
1700,4,Dozen 1,Black,Even,Low,Column 1
1701,25,Dozen 3,Red,Odd,High,Column 1
1702,8,Dozen 1,Black,Even,Low,Column 2
1703,19,Dozen 2,Red,Odd,High,Column 1
1704,35,Dozen 3,Black,Odd,High,Column 2
1705,15,Dozen 2,Black,Odd,Low,Column 3
1706,1,Dozen 1,Red,Odd,Low,Column 1
1707,18,Dozen 2,Red,Even,Low,Column 3
1708,8,Dozen 1,Black,Even,Low,Column 2
1709,4,Dozen 1,Black,Even,Low,Column 1
1710,21,Dozen 2,Red,Odd,High,Column 3
1711,25,Dozen 3,Red,Odd,High,Column 1
1712,18,Dozen 2,Red,Even,Low,Column 3
1713,29,Dozen 3,Black,Odd,High,Column 2
1714,31,Dozen 3,Black,Odd,High,Column 1
1715,14,Dozen 2,Red,Even,Low,Column 2
1716,12,Dozen 1,Red,Even,Low,Column 3
1717,27,Dozen 3,Red,Odd,High,Column 3
1718,33,Dozen 3,Black,Odd,High,Column 3
1719,21,Dozen 2,Red,Odd,High,Column 3
1720,3,Dozen 1,Red,Odd,Low,Column 3
1721,36,Dozen 3,Red,Even,High,Column 3
1722,28,Dozen 3,Black,Even,High,Column 1
1723,25,Dozen 3,Red,Odd,High,Column 1
1724,28,Dozen 3,Black,Even,High,Column 1
1725,23,Dozen 2,Red,Odd,High,Column 2
1726,2,Dozen 1,Black,Even,Low,Column 2
1727,15,Dozen 2,Black,Odd,Low,Column 3
1728,16,Dozen 2,Red,Even,Low,Column 1
1729,28,Dozen 3,Black,Even,High,Column 1
1730,9,Dozen 1,Red,Odd,Low,Column 3
1731,30,Dozen 3,Red,Even,High,Column 3
1732,25,Dozen 3,Red,Odd,High,Column 1
1733,14,Dozen 2,Red,Even,Low,Column 2
1734,12,Dozen 1,Red,Even,Low,Column 3
1735,31,Dozen 3,Black,Odd,High,Column 1
1736,30,Dozen 3,Red,Even,High,Column 3
1737,24,Dozen 2,Black,Even,High,Column 3
1738,2,Dozen 1,Black,Even,Low,Column 2
1739,31,Dozen 3,Black,Odd,High,Column 1
1740,18,Dozen 2,Red,Even,Low,Column 3
1741,8,Dozen 1,Black,Even,Low,Column 2
1742,17,Dozen 2,Black,Odd,Low,Column 2
1743,15,Dozen 2,Black,Odd,Low,Column 3
1744,32,Dozen 3,Red,Even,High,Column 2
1745,30,Dozen 3,Red,Even,High,Column 3
1746,29,Dozen 3,Black,Odd,High,Column 2
1747,8,Dozen 1,Black,Even,Low,Column 2
1748,5,Dozen 1,Red,Odd,Low,Column 2
1749,8,Dozen 1,Black,Even,Low,Column 2
1750,3,Dozen 1,Red,Odd,Low,Column 3
1751,33,Dozen 3,Black,Odd,High,Column 3
1752,30,Dozen 3,Red,Even,High,Column 3
1753,1,Dozen 1,Red,Odd,Low,Column 1
1754,31,Dozen 3,Black,Odd,High,Column 1
1755,9,Dozen 1,Red,Odd,Low,Column 3
1756,25,Dozen 3,Red,Odd,High,Column 1
1757,36,Dozen 3,Red,Even,High,Column 3
1758,28,Dozen 3,Black,Even,High,Column 1
1759,31,Dozen 3,Black,Odd,High,Column 1
1760,7,Dozen 1,Red,Odd,Low,Column 1
1761,12,Dozen 1,Red,Even,Low,Column 3
1762,6,Dozen 1,Black,Even,Low,Column 3
1763,30,Dozen 3,Red,Even,High,Column 3
1764,31,Dozen 3,Black,Odd,High,Column 1
1765,9,Dozen 1,Red,Odd,Low,Column 3
1766,12,Dozen 1,Red,Even,Low,Column 3
1767,27,Dozen 3,Red,Odd,High,Column 3
1768,8,Dozen 1,Black,Even,Low,Column 2
1769,29,Dozen 3,Black,Odd,High,Column 2
1770,19,Dozen 2,Red,Odd,High,Column 1
1771,33,Dozen 3,Black,Odd,High,Column 3
1772,6,Dozen 1,Black,Even,Low,Column 3
1773,12,Dozen 1,Red,Even,Low,Column 3
1774,29,Dozen 3,Black,Odd,High,Column 2
1775,15,Dozen 2,Black,Odd,Low,Column 3
1776,20,Dozen 2,Black,Even,High,Column 2
1777,10,Dozen 1,Black,Even,Low,Column 1
1778,13,Dozen 2,Black,Odd,Low,Column 1
1779,3,Dozen 1,Red,Odd,Low,Column 3
1780,10,Dozen 1,Black,Even,Low,Column 1
1781,3,Dozen 1,Red,Odd,Low,Column 3
1782,24,Dozen 2,Black,Even,High,Column 3
1783,8,Dozen 1,Black,Even,Low,Column 2
1784,11,Dozen 1,Black,Odd,Low,Column 2
1785,9,Dozen 1,Red,Odd,Low,Column 3
1786,13,Dozen 2,Black,Odd,Low,Column 1
1787,2,Dozen 1,Black,Even,Low,Column 2
1788,19,Dozen 2,Red,Odd,High,Column 1
1789,24,Dozen 2,Black,Even,High,Column 3
1790,10,Dozen 1,Black,Even,Low,Column 1
1791,11,Dozen 1,Black,Odd,Low,Column 2
1792,17,Dozen 2,Black,Odd,Low,Column 2
1793,0,0,0,0,0,0
1794,35,Dozen 3,Black,Odd,High,Column 2
1795,23,Dozen 2,Red,Odd,High,Column 2
1796,15,Dozen 2,Black,Odd,Low,Column 3
1797,15,Dozen 2,Black,Odd,Low,Column 3
1798,30,Dozen 3,Red,Even,High,Column 3
1799,5,Dozen 1,Red,Odd,Low,Column 2
1800,32,Dozen 3,Red,Even,High,Column 2
1801,29,Dozen 3,Black,Odd,High,Column 2
1802,27,Dozen 3,Red,Odd,High,Column 3
1803,23,Dozen 2,Red,Odd,High,Column 2
1804,10,Dozen 1,Black,Even,Low,Column 1
1805,16,Dozen 2,Red,Even,Low,Column 1
1806,12,Dozen 1,Red,Even,Low,Column 3
1807,26,Dozen 3,Black,Even,High,Column 2
1808,27,Dozen 3,Red,Odd,High,Column 3
1809,7,Dozen 1,Red,Odd,Low,Column 1
1810,6,Dozen 1,Black,Even,Low,Column 3
1811,18,Dozen 2,Red,Even,Low,Column 3
1812,19,Dozen 2,Red,Odd,High,Column 1
1813,4,Dozen 1,Black,Even,Low,Column 1
1814,25,Dozen 3,Red,Odd,High,Column 1
1815,18,Dozen 2,Red,Even,Low,Column 3
1816,2,Dozen 1,Black,Even,Low,Column 2
1817,5,Dozen 1,Red,Odd,Low,Column 2
1818,7,Dozen 1,Red,Odd,Low,Column 1
1819,23,Dozen 2,Red,Odd,High,Column 2
1820,22,Dozen 2,Black,Even,High,Column 1
1821,16,Dozen 2,Red,Even,Low,Column 1
1822,35,Dozen 3,Black,Odd,High,Column 2
1823,3,Dozen 1,Red,Odd,Low,Column 3
1824,8,Dozen 1,Black,Even,Low,Column 2
